0,0.jpg,10,train
1,0_10aug.jpg,10,train
2,0_10aug1.jpg,10,train
3,1.jpg,10,train
4,10.jpg,10,train
5,100.jpg,10,train
6,100_10aug.jpg,10,train
7,100_10aug1.jpg,10,train
8,101.jpg,10,train
9,101_10aug.jpg,10,train
10,101_10aug1.jpg,10,train
11,102.jpg,10,train
12,102_10aug.jpg,10,train
13,102_10aug1.jpg,10,train
14,103.jpg,10,train
15,103_10aug.jpg,10,train
16,103_10aug1.jpg,10,train
17,104_10aug.jpg,10,train
18,104_10aug1.jpg,10,train
19,105_10aug.jpg,10,train
20,105_10aug1.jpg,10,train
21,106_10aug.jpg,10,train
22,106_10aug1.jpg,10,train
23,107_10aug.jpg,10,train
24,107_10aug1.jpg,10,train
25,108_10aug.jpg,10,train
26,108_10aug1.jpg,10,train
27,10_10aug.jpg,10,train
28,10_10aug1.jpg,10,train
29,11.jpg,10,train
30,11_10aug.jpg,10,train
31,11_10aug1.jpg,10,train
32,12.jpg,10,train
33,12_10aug.jpg,10,train
34,12_10aug1.jpg,10,train
35,13.jpg,10,train
36,13_10aug.jpg,10,train
37,13_10aug1.jpg,10,train
38,14.jpg,10,train
39,14_10aug.jpg,10,train
40,14_10aug1.jpg,10,train
41,15_10aug.jpg,10,train
42,15_10aug1.jpg,10,train
43,16_10aug.jpg,10,train
44,16_10aug1.jpg,10,train
45,17.jpg,10,train
46,17_10aug.jpg,10,train
47,17_10aug1.jpg,10,train
48,18.jpg,10,train
49,18_10aug.jpg,10,train
50,18_10aug1.jpg,10,train
51,19.jpg,10,train
52,19_10aug.jpg,10,train
53,19_10aug1.jpg,10,train
54,1_10aug.jpg,10,train
55,1_10aug1.jpg,10,train
56,2.jpg,10,train
57,20.jpg,10,train
58,200.jpg,10,train
59,2001.jpg,10,train
60,2002.jpg,10,train
61,2003.jpg,10,train
62,2004.jpg,10,train
63,2005.jpg,10,train
64,20060.jpg,10,train
65,2007.jpg,10,train
66,2008.jpg,10,train
67,2009.jpg,10,train
68,2010.jpg,10,train
69,2011.jpg,10,train
70,2012.jpg,10,train
71,2013.jpg,10,train
72,2015.jpg,10,train
73,2016.jpg,10,train
74,2017.jpg,10,train
75,2020.jpg,10,train
76,20_10aug.jpg,10,train
77,20_10aug1.jpg,10,train
78,21.jpg,10,train
79,21_10aug.jpg,10,train
80,21_10aug1.jpg,10,train
81,22.jpg,10,train
82,22_10aug.jpg,10,train
83,22_10aug1.jpg,10,train
84,23_10aug.jpg,10,train
85,23_10aug1.jpg,10,train
86,24.jpg,10,train
87,24_10aug.jpg,10,train
88,24_10aug1.jpg,10,train
89,25.jpg,10,train
90,25_10aug.jpg,10,train
91,25_10aug1.jpg,10,train
92,26.jpg,10,train
93,26_10aug.jpg,10,train
94,26_10aug1.jpg,10,train
95,27.jpg,10,train
96,27_10aug.jpg,10,train
97,27_10aug1.jpg,10,train
98,28.jpg,10,train
99,28_10aug.jpg,10,train
100,28_10aug1.jpg,10,train
101,29_10aug.jpg,10,train
102,29_10aug1.jpg,10,train
103,2_10aug.jpg,10,train
104,2_10aug1.jpg,10,train
105,3.jpg,10,train
106,3000.jpg,10,train
107,3002.jpg,10,train
108,3003.jpg,10,train
109,3005.jpg,10,train
110,30_10aug.jpg,10,train
111,30_10aug1.jpg,10,train
112,31_10aug.jpg,10,train
113,31_10aug1.jpg,10,train
114,32.jpg,10,train
115,32_10aug.jpg,10,train
116,32_10aug1.jpg,10,train
117,33.jpg,10,train
118,33_10aug.jpg,10,train
119,33_10aug1.jpg,10,train
120,34.jpg,10,train
121,34_10aug.jpg,10,train
122,34_10aug1.jpg,10,train
123,35_10aug.jpg,10,train
124,35_10aug1.jpg,10,train
125,36.jpg,10,train
126,36_10aug.jpg,10,train
127,36_10aug1.jpg,10,train
128,37.jpg,10,train
129,37_10aug.jpg,10,train
130,37_10aug1.jpg,10,train
131,38.jpg,10,train
132,38_10aug.jpg,10,train
133,38_10aug1.jpg,10,train
134,39.jpg,10,train
135,39_10aug.jpg,10,train
136,39_10aug1.jpg,10,train
137,3_10aug.jpg,10,train
138,3_10aug1.jpg,10,train
139,4.jpg,10,train
140,40.jpg,10,train
141,40_10aug.jpg,10,train
142,40_10aug1.jpg,10,train
143,41.jpg,10,train
144,41_10aug.jpg,10,train
145,41_10aug1.jpg,10,train
146,42.jpg,10,train
147,42_10aug.jpg,10,train
148,42_10aug1.jpg,10,train
149,43.jpg,10,train
150,43_10aug.jpg,10,train
151,43_10aug1.jpg,10,train
152,44.jpg,10,train
153,44_10aug.jpg,10,train
154,44_10aug1.jpg,10,train
155,45.jpg,10,train
156,45_10aug.jpg,10,train
157,45_10aug1.jpg,10,train
158,46.jpg,10,train
159,46_10aug.jpg,10,train
160,46_10aug1.jpg,10,train
161,47.jpg,10,train
162,47_10aug.jpg,10,train
163,47_10aug1.jpg,10,train
164,48.jpg,10,train
165,48_10aug.jpg,10,train
166,48_10aug1.jpg,10,train
167,49.jpg,10,train
168,49_10aug.jpg,10,train
169,49_10aug1.jpg,10,train
170,4_10aug.jpg,10,train
171,4_10aug1.jpg,10,train
172,5.jpg,10,train
173,50.jpg,10,train
174,50_10aug.jpg,10,train
175,50_10aug1.jpg,10,train
176,51.jpg,10,train
177,51_10aug.jpg,10,train
178,51_10aug1.jpg,10,train
179,52_10aug.jpg,10,train
180,52_10aug1.jpg,10,train
181,53.jpg,10,train
182,53_10aug.jpg,10,train
183,53_10aug1.jpg,10,train
184,54.jpg,10,train
185,54_10aug.jpg,10,train
186,54_10aug1.jpg,10,train
187,55.jpg,10,train
188,55_10aug.jpg,10,train
189,55_10aug1.jpg,10,train
190,56.jpg,10,train
191,56_10aug.jpg,10,train
192,56_10aug1.jpg,10,train
193,57.jpg,10,train
194,57_10aug.jpg,10,train
195,57_10aug1.jpg,10,train
196,58_10aug.jpg,10,train
197,58_10aug1.jpg,10,train
198,59_10aug.jpg,10,train
199,59_10aug1.jpg,10,train
200,5_10aug.jpg,10,train
201,5_10aug1.jpg,10,train
202,6.jpg,10,train
203,60.jpg,10,train
204,60_10aug.jpg,10,train
205,60_10aug1.jpg,10,train
206,61_10aug.jpg,10,train
207,61_10aug1.jpg,10,train
208,62.jpg,10,train
209,62_10aug.jpg,10,train
210,62_10aug1.jpg,10,train
211,63.jpg,10,train
212,63_10aug.jpg,10,train
213,63_10aug1.jpg,10,train
214,64.jpg,10,train
215,64_10aug.jpg,10,train
216,64_10aug1.jpg,10,train
217,65.jpg,10,train
218,65_10aug.jpg,10,train
219,65_10aug1.jpg,10,train
220,66.jpg,10,train
221,66_10aug.jpg,10,train
222,66_10aug1.jpg,10,train
223,67.jpg,10,train
224,67_10aug.jpg,10,train
225,67_10aug1.jpg,10,train
226,68.jpg,10,train
227,68_10aug.jpg,10,train
228,68_10aug1.jpg,10,train
229,69.jpg,10,train
230,69_10aug.jpg,10,train
231,69_10aug1.jpg,10,train
232,6_10aug.jpg,10,train
233,6_10aug1.jpg,10,train
234,7.jpg,10,train
235,70.jpg,10,train
236,70_10aug.jpg,10,train
237,70_10aug1.jpg,10,train
238,71_10aug.jpg,10,train
239,71_10aug1.jpg,10,train
240,72.jpg,10,train
241,72_10aug.jpg,10,train
242,72_10aug1.jpg,10,train
243,73.jpg,10,train
244,73_10aug.jpg,10,train
245,73_10aug1.jpg,10,train
246,74_10aug.jpg,10,train
247,74_10aug1.jpg,10,train
248,75.jpg,10,train
249,75_10aug.jpg,10,train
250,75_10aug1.jpg,10,train
251,76.jpg,10,train
252,76_10aug.jpg,10,train
253,76_10aug1.jpg,10,train
254,77.jpg,10,train
255,77_10aug.jpg,10,train
256,77_10aug1.jpg,10,train
257,78_10aug.jpg,10,train
258,78_10aug1.jpg,10,train
259,79_10aug.jpg,10,train
260,79_10aug1.jpg,10,train
261,7_10aug.jpg,10,train
262,7_10aug1.jpg,10,train
263,8.jpg,10,train
264,80.jpg,10,train
265,80_10aug.jpg,10,train
266,80_10aug1.jpg,10,train
267,81.jpg,10,train
268,81_10aug.jpg,10,train
269,81_10aug1.jpg,10,train
270,82.jpg,10,train
271,82_10aug.jpg,10,train
272,82_10aug1.jpg,10,train
273,83.jpg,10,train
274,83_10aug.jpg,10,train
275,83_10aug1.jpg,10,train
276,84_10aug.jpg,10,train
277,84_10aug1.jpg,10,train
278,85.jpg,10,train
279,85_10aug.jpg,10,train
280,85_10aug1.jpg,10,train
281,86.jpg,10,train
282,86_10aug.jpg,10,train
283,86_10aug1.jpg,10,train
284,87.jpg,10,train
285,87_10aug.jpg,10,train
286,87_10aug1.jpg,10,train
287,88.jpg,10,train
288,88_10aug.jpg,10,train
289,88_10aug1.jpg,10,train
290,89.jpg,10,train
291,89_10aug.jpg,10,train
292,89_10aug1.jpg,10,train
293,8_10aug.jpg,10,train
294,8_10aug1.jpg,10,train
295,9.jpg,10,train
296,90.jpg,10,train
297,90_10aug.jpg,10,train
298,90_10aug1.jpg,10,train
299,91.jpg,10,train
300,91_10aug.jpg,10,train
301,91_10aug1.jpg,10,train
302,92.jpg,10,train
303,92_10aug.jpg,10,train
304,92_10aug1.jpg,10,train
305,93.jpg,10,train
306,93_10aug.jpg,10,train
307,93_10aug1.jpg,10,train
308,94_10aug.jpg,10,train
309,94_10aug1.jpg,10,train
310,95.jpg,10,train
311,95_10aug.jpg,10,train
312,95_10aug1.jpg,10,train
313,96.jpg,10,train
314,96_10aug.jpg,10,train
315,96_10aug1.jpg,10,train
316,97.jpg,10,train
317,97_10aug.jpg,10,train
318,97_10aug1.jpg,10,train
319,98.jpg,10,train
320,98_10aug.jpg,10,train
321,98_10aug1.jpg,10,train
322,99.jpg,10,train
323,99_10aug.jpg,10,train
324,99_10aug1.jpg,10,train
325,9_10aug.jpg,10,train
326,9_10aug1.jpg,10,train
327,closeup-of-new-colorful-indian-currency-bank-notes-of-10-50100-500-2000-rupees-bundle-issued-and-in-circulation-after-demonetisati.jpg,10,train
328,images (2).jpg,10,train
329,images (6).jpg,10,train
330,0.jpg,100,train
331,0_100aug.jpg,100,train
332,0_100aug1.jpg,100,train
333,1 (1).jpg,100,train
334,1.jpg,100,train
335,10.jpg,100,train
336,100-reuters-l.jpg,100,train
337,100-rupee-note.png,100,train
338,100-rupees-note_5992.jpg,100,train
339,100.jpg,100,train
340,100RUPEESNOTE.jpg,100,train
341,100_100aug.jpg,100,train
342,100_100aug1.jpg,100,train
343,101.jpg,100,train
344,102_100aug.jpg,100,train
345,102_100aug1.jpg,100,train
346,103_100aug.jpg,100,train
347,103_100aug1.jpg,100,train
348,104_100aug.jpg,100,train
349,104_100aug1.jpg,100,train
350,105-4-scaled.jpg,100,train
351,105_100aug.jpg,100,train
352,105_100aug1.jpg,100,train
353,106_100aug.jpg,100,train
354,106_100aug1.jpg,100,train
355,107_100aug.jpg,100,train
356,107_100aug1.jpg,100,train
357,108_100aug.jpg,100,train
358,108_100aug1.jpg,100,train
359,109_100aug.jpg,100,train
360,109_100aug1.jpg,100,train
361,10_100aug.jpg,100,train
362,10_100aug1.jpg,100,train
363,11.jpg,100,train
364,110_100aug.jpg,100,train
365,110_100aug1.jpg,100,train
366,111_100aug.jpg,100,train
367,111_100aug1.jpg,100,train
368,112_100aug.jpg,100,train
369,112_100aug1.jpg,100,train
370,113_100aug.jpg,100,train
371,113_100aug1.jpg,100,train
372,114_100aug.jpg,100,train
373,114_100aug1.jpg,100,train
374,115_100aug.jpg,100,train
375,115_100aug1.jpg,100,train
376,116_100aug.jpg,100,train
377,116_100aug1.jpg,100,train
378,117_100aug.jpg,100,train
379,118_100aug.jpg,100,train
380,118_100aug1.jpg,100,train
381,119_100aug.jpg,100,train
382,119_100aug1.jpg,100,train
383,11_100aug.jpg,100,train
384,120_100aug.jpg,100,train
385,120_100aug1.jpg,100,train
386,121_100aug.jpg,100,train
387,121_100aug1.jpg,100,train
388,122_100aug.jpg,100,train
389,122_100aug1.jpg,100,train
390,12360-rupee-4-zeebiz-webdesk.jpg,100,train
391,123_100aug.jpg,100,train
392,123_100aug1.jpg,100,train
393,124_100aug.jpg,100,train
394,124_100aug1.jpg,100,train
395,125_100aug.jpg,100,train
396,125_100aug1.jpg,100,train
397,126_100aug.jpg,100,train
398,126_100aug1.jpg,100,train
399,127_100aug.jpg,100,train
400,127_100aug1.jpg,100,train
401,128_100aug.jpg,100,train
402,128_100aug1.jpg,100,train
403,129_100aug.jpg,100,train
404,12_100aug.jpg,100,train
405,130_100aug.jpg,100,train
406,130_100aug1.jpg,100,train
407,131_100aug.jpg,100,train
408,131_100aug1.jpg,100,train
409,132_100aug.jpg,100,train
410,132_100aug1.jpg,100,train
411,133_100aug.jpg,100,train
412,133_100aug1.jpg,100,train
413,134_100aug.jpg,100,train
414,134_100aug1.jpg,100,train
415,135_100aug.jpg,100,train
416,135_100aug1.jpg,100,train
417,136_100aug.jpg,100,train
418,136_100aug1.jpg,100,train
419,137_100aug.jpg,100,train
420,137_100aug1.jpg,100,train
421,138_100aug.jpg,100,train
422,138_100aug1.jpg,100,train
423,13_100aug.jpg,100,train
424,13_100aug1.jpg,100,train
425,14.jpg,100,train
426,1483709329-100-rs-note-getty.jpg,100,train
427,14_100aug.jpg,100,train
428,14_100aug1.jpg,100,train
429,15.jpg,100,train
430,15752732.jpg,100,train
431,15_100aug.jpg,100,train
432,15_100aug1.jpg,100,train
433,16.jpg,100,train
434,16_100aug.jpg,100,train
435,16_100aug1.jpg,100,train
436,17.jpg,100,train
437,17_100aug.jpg,100,train
438,18.jpg,100,train
439,18_100aug.jpg,100,train
440,19.jpg,100,train
441,19_100aug.jpg,100,train
442,19_100aug1.jpg,100,train
443,1_100aug.jpg,100,train
444,2.jpg,100,train
445,20.jpg,100,train
446,20_100aug.jpg,100,train
447,20_100aug1.jpg,100,train
448,21.jpg,100,train
449,21_100aug.jpg,100,train
450,21_100aug1.jpg,100,train
451,22.jpg,100,train
452,22_100aug.jpg,100,train
453,22_100aug1.jpg,100,train
454,23.jpg,100,train
455,23_100aug.jpg,100,train
456,24.jpg,100,train
457,24_100aug.jpg,100,train
458,24_100aug1.jpg,100,train
459,25.jpg,100,train
460,259328-new-100-rupee-note.jpg,100,train
461,25_100aug.jpg,100,train
462,25_100aug1.jpg,100,train
463,26_100aug.jpg,100,train
464,26_100aug1.jpg,100,train
465,27.jpg,100,train
466,27_100aug.jpg,100,train
467,27_100aug1.jpg,100,train
468,28_100aug.jpg,100,train
469,28_100aug1.jpg,100,train
470,29.jpg,100,train
471,29_100aug1.jpg,100,train
472,2_100aug.jpg,100,train
473,2_100aug1.jpg,100,train
474,3.jpg,100,train
475,30.jpg,100,train
476,30_100aug.jpg,100,train
477,30_100aug1.jpg,100,train
478,31.jpg,100,train
479,31_100aug.jpg,100,train
480,32_100aug.jpg,100,train
481,32_100aug1.jpg,100,train
482,33.jpg,100,train
483,33_100aug.jpg,100,train
484,33_100aug1.jpg,100,train
485,34.jpg,100,train
486,34_100aug.jpg,100,train
487,34_100aug1.jpg,100,train
488,35.jpg,100,train
489,35_100aug.jpg,100,train
490,35_100aug1.jpg,100,train
491,36.jpg,100,train
492,36_100aug.jpg,100,train
493,36_100aug1.jpg,100,train
494,37.jpg,100,train
495,37_100aug.jpg,100,train
496,37_100aug1.jpg,100,train
497,38.jpg,100,train
498,38_100aug.jpg,100,train
499,38_100aug1.jpg,100,train
500,39.jpg,100,train
501,39_100aug.jpg,100,train
502,39_100aug1.jpg,100,train
503,3_100aug.jpg,100,train
504,3_100aug1.jpg,100,train
505,4.jpg,100,train
506,40.jpg,100,train
507,40432674_1855157391233408_5515175952994271232_n.jpg,100,train
508,41.jpg,100,train
509,41_100aug.jpg,100,train
510,41_100aug1.jpg,100,train
511,42.jpg,100,train
512,42_100aug.jpg,100,train
513,42_100aug1.jpg,100,train
514,43.jpg,100,train
515,43_100aug.jpg,100,train
516,43_100aug1.jpg,100,train
517,44.jpg,100,train
518,44_100aug.jpg,100,train
519,44_100aug1.jpg,100,train
520,45.jpg,100,train
521,45_100aug.jpg,100,train
522,46.jpg,100,train
523,46_100aug.jpg,100,train
524,46_100aug1.jpg,100,train
525,47.jpg,100,train
526,47_100aug.jpg,100,train
527,47_100aug1.jpg,100,train
528,48.jpg,100,train
529,48_100aug.jpg,100,train
530,48_100aug1.jpg,100,train
531,49.jpg,100,train
532,49_100aug.jpg,100,train
533,49_100aug1.jpg,100,train
534,4_100aug.jpg,100,train
535,4_100aug1.jpg,100,train
536,50.jpg,100,train
537,500_F_252793454_bSn6CrfiXXLNyrIrqM37smmfOQRANK2o.jpg,100,train
538,500_F_252798345_xccV6vxqyTRaWxU6C6GBlBM4r02FtD6h.jpg,100,train
539,50_100aug.jpg,100,train
540,50_100aug1.jpg,100,train
541,51.jpg,100,train
542,51_100aug.jpg,100,train
543,51_100aug1.jpg,100,train
544,52_100aug.jpg,100,train
545,52_100aug1.jpg,100,train
546,53_100aug.jpg,100,train
547,53_100aug1.jpg,100,train
548,54.jpg,100,train
549,55.jpg,100,train
550,55_100aug.jpg,100,train
551,55_100aug1.jpg,100,train
552,56_100aug.jpg,100,train
553,56_100aug1.jpg,100,train
554,57.jpg,100,train
555,57_100aug.jpg,100,train
556,57_100aug1.jpg,100,train
557,58.jpg,100,train
558,58_100aug.jpg,100,train
559,58_100aug1.jpg,100,train
560,59.jpg,100,train
561,59_100aug.jpg,100,train
562,59_100aug1.jpg,100,train
563,5_100aug.jpg,100,train
564,5_100aug1.jpg,100,train
565,6.jpg,100,train
566,60.jpg,100,train
567,60_100aug.jpg,100,train
568,60_100aug1.jpg,100,train
569,61.jpg,100,train
570,61_100aug.jpg,100,train
571,61_100aug1.jpg,100,train
572,62.jpg,100,train
573,63.jpg,100,train
574,64.jpg,100,train
575,64_100aug.jpg,100,train
576,65.jpg,100,train
577,65_100aug.jpg,100,train
578,65_100aug1.jpg,100,train
579,66_100aug.jpg,100,train
580,66_100aug1.jpg,100,train
581,67.jpg,100,train
582,67_100aug.jpg,100,train
583,67_100aug1.jpg,100,train
584,68.jpg,100,train
585,68_100aug.jpg,100,train
586,68_100aug1.jpg,100,train
587,69.jpg,100,train
588,69_100aug.jpg,100,train
589,69_100aug1.jpg,100,train
590,6_100aug.jpg,100,train
591,6_100aug1.jpg,100,train
592,7.jpg,100,train
593,70.jpg,100,train
594,70_100aug.jpg,100,train
595,70_100aug1.jpg,100,train
596,71_100aug.jpg,100,train
597,71_100aug1.jpg,100,train
598,72.jpg,100,train
599,72_100aug.jpg,100,train
600,72_100aug1.jpg,100,train
601,73.jpg,100,train
602,73_100aug.jpg,100,train
603,73_100aug1.jpg,100,train
604,74.jpg,100,train
605,74_100aug.jpg,100,train
606,74_100aug1.jpg,100,train
607,75.jpg,100,train
608,75_100aug.jpg,100,train
609,75_100aug1.jpg,100,train
610,76.jpg,100,train
611,76_100aug.jpg,100,train
612,76_100aug1.jpg,100,train
613,77.jpg,100,train
614,77_100aug.jpg,100,train
615,77_100aug1.jpg,100,train
616,78.jpg,100,train
617,78_100aug.jpg,100,train
618,78_100aug1.jpg,100,train
619,79.jpg,100,train
620,79_100aug.jpg,100,train
621,79_100aug1.jpg,100,train
622,7_100aug1.jpg,100,train
623,8.jpg,100,train
624,80.jpg,100,train
625,80_100aug.jpg,100,train
626,80_100aug1.jpg,100,train
627,81.jpg,100,train
628,81_100aug.jpg,100,train
629,81_100aug1.jpg,100,train
630,82.jpg,100,train
631,82_100aug.jpg,100,train
632,82_100aug1.jpg,100,train
633,83_100aug.jpg,100,train
634,83_100aug1.jpg,100,train
635,84.jpg,100,train
636,84_100aug.jpg,100,train
637,84_100aug1.jpg,100,train
638,85.jpg,100,train
639,85_100aug.jpg,100,train
640,85_100aug1.jpg,100,train
641,86_100aug.jpg,100,train
642,86_100aug1.jpg,100,train
643,87.jpg,100,train
644,87_100aug.jpg,100,train
645,87_100aug1.jpg,100,train
646,88.jpg,100,train
647,88_100aug.jpg,100,train
648,88_100aug1.jpg,100,train
649,89.jpg,100,train
650,89_100aug.jpg,100,train
651,89_100aug1.jpg,100,train
652,8_100aug.jpg,100,train
653,8_100aug1.jpg,100,train
654,9.jpg,100,train
655,90.jpg,100,train
656,90_100aug.jpg,100,train
657,90_100aug1.jpg,100,train
658,91.jpg,100,train
659,91_100aug.jpg,100,train
660,91_100aug1.jpg,100,train
661,92.jpg,100,train
662,92_100aug.jpg,100,train
663,92_100aug1.jpg,100,train
664,93_100aug.jpg,100,train
665,93_100aug1.jpg,100,train
666,94.jpg,100,train
667,94_100aug.jpg,100,train
668,94_100aug1.jpg,100,train
669,95.jpg,100,train
670,95_100aug.jpg,100,train
671,95_100aug1.jpg,100,train
672,96.jpg,100,train
673,96_100aug.jpg,100,train
674,96_100aug1.jpg,100,train
675,97.jpg,100,train
676,97_100aug.jpg,100,train
677,97_100aug1.jpg,100,train
678,98.jpg,100,train
679,98_100aug.jpg,100,train
680,98_100aug1.jpg,100,train
681,99.jpg,100,train
682,99_100aug.jpg,100,train
683,99_100aug1.jpg,100,train
684,cash-currency-financial-investment-royalty-free-thumbnail.jpg,100,train
685,close-up-view-of-brand-new-indian-100-rupees-banknotes-1815305-1537963.webp,100,train
686,depositphotos_224749234-stock-photo-all-new-100-rupees-indian.jpg,100,train
687,front-of-new-indian-100-rupee-note-on-plain-background-2AACM4W.jpg,100,train
688,gettyimages-72186263-612x612.jpg,100,train
689,hand-holding-indian-new-rupee-notes-isolated-background-hand-holding-indian-new-rupee-notes-isolated-background-138095683.jpg,100,train
690,images (1).jpg,100,train
691,images (10).jpg,100,train
692,images (11).jpg,100,train
693,images (12).jpg,100,train
694,images (13).jpg,100,train
695,images (14).jpg,100,train
696,images (15).jpg,100,train
697,images (2).jpg,100,train
698,images (3).jpg,100,train
699,images (4).jpg,100,train
700,images (5).jpg,100,train
701,images (6).jpg,100,train
702,images (7).jpg,100,train
703,images (8).jpg,100,train
704,images (9).jpg,100,train
705,images.jpg,100,train
706,indian-currency-100-rs-and-1000-rs-BF4HPY.jpg,100,train
707,indian-currency-new-indian-rupee-currency-isolated-white-background-indian-currency-new-indian-rupee-currency-131809543.jpg,100,train
708,indian-new-currency-of-100-rupees-and-pen-isolated-on-white-background-R4B6KM.jpg,100,train
709,man-hand-holding-indian-rupee-currency-isolated-white-background-man-hand-holding-indian-rupee-currency-133560819.jpg,100,train
710,man-hand-holding-indian-rupee-currency-man-hand-holding-indian-rupee-currency-isolated-white-background-134106638.jpg,100,train
711,maxresdefault (1).jpg,100,train
712,maxresdefault.jpg,100,train
713,new-100-rs-star-noteunc-note-112753-1.jpeg,100,train
714,new-pack-of-indian-100-rupee-notes-with-chart-paper-and-pen-isolated-on-wooden-background-R4AC3P.jpg,100,train
715,picture-indian-rupee-currency-isolated-white-background-picture-indian-rupee-currency-131809530.jpg,100,train
716,prod-20200422-1110425782208272548673124-jpg-500x500.jpg,100,train
717,product-500x500.jpeg,100,train
718,rbi-rs-100-note-1.jpg,100,train
719,0521_untitled-4_copy_12.jpg,20,train
720,0_20aug.jpg,20,train
721,0_20aug1.jpg,20,train
722,10.jpg,20,train
723,100_20aug.jpg,20,train
724,100_20aug1.jpg,20,train
725,101_20aug.jpg,20,train
726,101_20aug1.jpg,20,train
727,102_20aug.jpg,20,train
728,102_20aug1.jpg,20,train
729,103_20aug.jpg,20,train
730,103_20aug1.jpg,20,train
731,104_20aug.jpg,20,train
732,104_20aug1.jpg,20,train
733,105_20aug.jpg,20,train
734,105_20aug1.jpg,20,train
735,106_20aug.jpg,20,train
736,106_20aug1.jpg,20,train
737,107_20aug.jpg,20,train
738,107_20aug1.jpg,20,train
739,108_20aug.jpg,20,train
740,108_20aug1.jpg,20,train
741,109_20aug.jpg,20,train
742,109_20aug1.jpg,20,train
743,10_20aug.jpg,20,train
744,10_20aug1.jpg,20,train
745,11.jpg,20,train
746,110_20aug.jpg,20,train
747,110_20aug1.jpg,20,train
748,111_20aug.jpg,20,train
749,111_20aug1.jpg,20,train
750,112_20aug.jpg,20,train
751,112_20aug1.jpg,20,train
752,113_20aug.jpg,20,train
753,113_20aug1.jpg,20,train
754,114_20aug.jpg,20,train
755,114_20aug1.jpg,20,train
756,11_20aug.jpg,20,train
757,11_20aug1.jpg,20,train
758,12.jpg,20,train
759,12_20aug.jpg,20,train
760,12_20aug1.jpg,20,train
761,13.jpg,20,train
762,13_20aug.jpg,20,train
763,13_20aug1.jpg,20,train
764,14_20aug.jpg,20,train
765,14_20aug1.jpg,20,train
766,15.jpg,20,train
767,1556364079-9156.jpg,20,train
768,15607-20-rupee-note.jpg,20,train
769,15_20aug.jpg,20,train
770,15_20aug1.jpg,20,train
771,16.jpg,20,train
772,16_20aug.jpg,20,train
773,16_20aug1.jpg,20,train
774,17_20aug.jpg,20,train
775,17_20aug1.jpg,20,train
776,18.jpg,20,train
777,18_20aug.jpg,20,train
778,18_20aug1.jpg,20,train
779,19.jpg,20,train
780,19_20aug.jpg,20,train
781,19_20aug1.jpg,20,train
782,1_20aug.jpg,20,train
783,1_20aug1.jpg,20,train
784,2.jpg,20,train
785,20-rs-New-Note-Front-View-1024x768.jpg,20,train
786,20-rupee-new-design-300x300.jpg,20,train
787,20-rupees-bundle-star-note-value-300x130.jpg,20,train
788,2018_12image_13_57_23076707020rs-ll.jpg,20,train
789,20_20aug.jpg,20,train
790,20_20aug1.jpg,20,train
791,20_rupe_note1566042592194.jpg,20,train
792,21.jpg,20,train
793,21_20aug.jpg,20,train
794,21_20aug1.jpg,20,train
795,22.jpg,20,train
796,22_20aug.jpg,20,train
797,22_20aug1.jpg,20,train
798,23.jpg,20,train
799,23_20aug.jpg,20,train
800,23_20aug1.jpg,20,train
801,24.jpg,20,train
802,24_20aug.jpg,20,train
803,24_20aug1.jpg,20,train
804,25_20aug.jpg,20,train
805,25_20aug1.jpg,20,train
806,26.jpg,20,train
807,26_20aug.jpg,20,train
808,26_20aug1.jpg,20,train
809,27.jpg,20,train
810,27_20aug.jpg,20,train
811,27_20aug1.jpg,20,train
812,28.jpg,20,train
813,28_20aug.jpg,20,train
814,28_20aug1.jpg,20,train
815,29.jpg,20,train
816,29_20aug.jpg,20,train
817,29_20aug1.jpg,20,train
818,2_20aug.jpg,20,train
819,2_20aug1.jpg,20,train
820,3.jpg,20,train
821,30_20aug.jpg,20,train
822,30_20aug1.jpg,20,train
823,31.jpg,20,train
824,31_20aug.jpg,20,train
825,31_20aug1.jpg,20,train
826,32_20aug.jpg,20,train
827,32_20aug1.jpg,20,train
828,33.jpg,20,train
829,33_20aug.jpg,20,train
830,33_20aug1.jpg,20,train
831,34.jpg,20,train
832,34_20aug.jpg,20,train
833,34_20aug1.jpg,20,train
834,35.jpg,20,train
835,35_20aug.jpg,20,train
836,35_20aug1.jpg,20,train
837,36.jpg,20,train
838,36_20aug.jpg,20,train
839,36_20aug1.jpg,20,train
840,37.jpg,20,train
841,37_20aug.jpg,20,train
842,37_20aug1.jpg,20,train
843,38.jpg,20,train
844,38_20aug.jpg,20,train
845,38_20aug1.jpg,20,train
846,39.jpg,20,train
847,39_20aug.jpg,20,train
848,39_20aug1.jpg,20,train
849,3_20aug.jpg,20,train
850,3_20aug1.jpg,20,train
851,40.jpg,20,train
852,40_20aug.jpg,20,train
853,40_20aug1.jpg,20,train
854,41.jpg,20,train
855,41_20aug.jpg,20,train
856,41_20aug1.jpg,20,train
857,42.jpg,20,train
858,42_20aug.jpg,20,train
859,42_20aug1.jpg,20,train
860,43.jpg,20,train
861,43_20aug.jpg,20,train
862,43_20aug1.jpg,20,train
863,44.jpg,20,train
864,44_20aug.jpg,20,train
865,44_20aug1.jpg,20,train
866,45.jpg,20,train
867,45_20aug.jpg,20,train
868,45_20aug1.jpg,20,train
869,46.jpg,20,train
870,46_20aug.jpg,20,train
871,46_20aug1.jpg,20,train
872,47.jpg,20,train
873,47_20aug.jpg,20,train
874,47_20aug1.jpg,20,train
875,48.jpg,20,train
876,48_20aug.jpg,20,train
877,48_20aug1.jpg,20,train
878,49.jpg,20,train
879,49_20aug.jpg,20,train
880,49_20aug1.jpg,20,train
881,4_20aug.jpg,20,train
882,4_20aug1.jpg,20,train
883,5.jpg,20,train
884,50.jpg,20,train
885,50_20aug.jpg,20,train
886,50_20aug1.jpg,20,train
887,51.jpg,20,train
888,51_20aug.jpg,20,train
889,51_20aug1.jpg,20,train
890,52.jpg,20,train
891,52_20aug.jpg,20,train
892,52_20aug1.jpg,20,train
893,53_20aug.jpg,20,train
894,53_20aug1.jpg,20,train
895,54.jpg,20,train
896,54_20aug.jpg,20,train
897,54_20aug1.jpg,20,train
898,55.jpg,20,train
899,55_20aug.jpg,20,train
900,55_20aug1.jpg,20,train
901,56_20aug.jpg,20,train
902,56_20aug1.jpg,20,train
903,57.jpg,20,train
904,57_20aug.jpg,20,train
905,57_20aug1.jpg,20,train
906,58.jpg,20,train
907,58_20aug.jpg,20,train
908,58_20aug1.jpg,20,train
909,59.jpg,20,train
910,59_20aug.jpg,20,train
911,59_20aug1.jpg,20,train
912,5_20aug.jpg,20,train
913,5_20aug1.jpg,20,train
914,6.jpg,20,train
915,60.jpg,20,train
916,60_20aug.jpg,20,train
917,60_20aug1.jpg,20,train
918,61.jpg,20,train
919,61_20aug.jpg,20,train
920,61_20aug1.jpg,20,train
921,62.jpg,20,train
922,62_20aug.jpg,20,train
923,62_20aug1.jpg,20,train
924,63.jpg,20,train
925,63_20aug.jpg,20,train
926,63_20aug1.jpg,20,train
927,64.jpg,20,train
928,64_20aug.jpg,20,train
929,64_20aug1.jpg,20,train
930,65.jpg,20,train
931,65_20aug.jpg,20,train
932,65_20aug1.jpg,20,train
933,66.jpg,20,train
934,66_20aug.jpg,20,train
935,66_20aug1.jpg,20,train
936,67.jpg,20,train
937,67_20aug.jpg,20,train
938,67_20aug1.jpg,20,train
939,68.jpg,20,train
940,68_20aug.jpg,20,train
941,68_20aug1.jpg,20,train
942,69.jpg,20,train
943,69_20aug.jpg,20,train
944,69_20aug1.jpg,20,train
945,6_20aug.jpg,20,train
946,6_20aug1.jpg,20,train
947,70.jpg,20,train
948,70_20aug.jpg,20,train
949,70_20aug1.jpg,20,train
950,71.jpg,20,train
951,71_20aug.jpg,20,train
952,71_20aug1.jpg,20,train
953,72.jpg,20,train
954,72_20aug.jpg,20,train
955,72_20aug1.jpg,20,train
956,73.jpg,20,train
957,73_20aug.jpg,20,train
958,73_20aug1.jpg,20,train
959,74.jpg,20,train
960,74_20aug.jpg,20,train
961,74_20aug1.jpg,20,train
962,75.jpg,20,train
963,75_20aug.jpg,20,train
964,75_20aug1.jpg,20,train
965,76.jpg,20,train
966,76_20aug.jpg,20,train
967,76_20aug1.jpg,20,train
968,77.jpg,20,train
969,77_20aug.jpg,20,train
970,77_20aug1.jpg,20,train
971,78.jpg,20,train
972,78_20aug.jpg,20,train
973,78_20aug1.jpg,20,train
974,79.jpg,20,train
975,79_20aug.jpg,20,train
976,79_20aug1.jpg,20,train
977,7_20aug.jpg,20,train
978,7_20aug1.jpg,20,train
979,8.jpg,20,train
980,80.jpg,20,train
981,80_20aug.jpg,20,train
982,80_20aug1.jpg,20,train
983,81.jpg,20,train
984,817446-rbi-issues-new-rs-20-note.jpg,20,train
985,81_20aug.jpg,20,train
986,81_20aug1.jpg,20,train
987,82.jpg,20,train
988,82_20aug.jpg,20,train
989,82_20aug1.jpg,20,train
990,83_20aug.jpg,20,train
991,83_20aug1.jpg,20,train
992,84.jpg,20,train
993,84_20aug.jpg,20,train
994,84_20aug1.jpg,20,train
995,85.jpg,20,train
996,85_20aug.jpg,20,train
997,85_20aug1.jpg,20,train
998,86_20aug.jpg,20,train
999,86_20aug1.jpg,20,train
1000,87_20aug.jpg,20,train
1001,87_20aug1.jpg,20,train
1002,88_20aug.jpg,20,train
1003,88_20aug1.jpg,20,train
1004,89_20aug.jpg,20,train
1005,89_20aug1.jpg,20,train
1006,8_20aug.jpg,20,train
1007,8_20aug1.jpg,20,train
1008,9.jpg,20,train
1009,90_20aug.jpg,20,train
1010,90_20aug1.jpg,20,train
1011,91_20aug.jpg,20,train
1012,91_20aug1.jpg,20,train
1013,92_20aug.jpg,20,train
1014,92_20aug1.jpg,20,train
1015,93_20aug.jpg,20,train
1016,93_20aug1.jpg,20,train
1017,94_20aug.jpg,20,train
1018,94_20aug1.jpg,20,train
1019,95_20aug.jpg,20,train
1020,95_20aug1.jpg,20,train
1021,96_20aug.jpg,20,train
1022,96_20aug1.jpg,20,train
1023,97_20aug.jpg,20,train
1024,97_20aug1.jpg,20,train
1025,98_20aug.jpg,20,train
1026,98_20aug1.jpg,20,train
1027,99_20aug.jpg,20,train
1028,99_20aug1.jpg,20,train
1029,9_20aug.jpg,20,train
1030,9_20aug1.jpg,20,train
1031,caf31b7099758506a73f44e2ec1da5e0-480.jpg,20,train
1032,download (1).jpg,20,train
1033,download (2).jpg,20,train
1034,download (3).jpg,20,train
1035,download (4).jpg,20,train
1036,download (5).jpg,20,train
1037,download (6).jpg,20,train
1038,download.jpg,20,train
1039,f1ae2f03a327d01df08cf0c8c6c8eacf.jpg,20,train
1040,hqdefault.jpg,20,train
1041,Image-1639.jpg,20,train
1042,Image-4356.jpg,20,train
1043,images (1).jpg,20,train
1044,images (2).jpg,20,train
1045,images (3).jpg,20,train
1046,images (4).jpg,20,train
1047,images (5).jpg,20,train
1048,images (6).jpg,20,train
1049,images.jpg,20,train
1050,India-20-Rupees-x-100-Pcs-Bundle-2019.jpg,20,train
1051,india-20-twenty-rupees-gandhi-bundle_1_bdc458434013971fd7cd3f4b34e89310.jpg,20,train
1052,"India_new_20_INR,_MG_series,_2019,_obverse.jpg",20,train
1053,jpg.jpg,20,train
1054,maxresdefault.jpg,20,train
1055,new20rupeenote_a1bb6242-c3c8-4e78-8da4-83b63f3373ca-db141b0d-e002-43bf-ae06-55856f9b2085_cmprsd_40.jpg,20,train
1056,newwwwwwwwwwwwwwwww_3884049_835x547-m.jpg,20,train
1057,pack-indian-rupee-note-lying-table-89044544.jpg,20,train
1058,RBI-back-437x239.jpg,20,train
1059,rs-20.jpg,20,train
1060,rs-20banknote-1556351627.jpg,20,train
1061,rupees-73.jpg,20,train
1062,SJ-180000.JPG,20,train
1063,Very-Rare-20-Rupee-Super-SDL528709447-1-acf3c.jpg,20,train
1064,0.jpg,200,train
1065,0_200aug.jpg,200,train
1066,0_200aug1.jpg,200,train
1067,10.jpg,200,train
1068,100_200aug.jpg,200,train
1069,100_200aug1.jpg,200,train
1070,101_200aug.jpg,200,train
1071,101_200aug1.jpg,200,train
1072,102_200aug.jpg,200,train
1073,102_200aug1.jpg,200,train
1074,103_200aug.jpg,200,train
1075,103_200aug1.jpg,200,train
1076,104_200aug.jpg,200,train
1077,104_200aug1.jpg,200,train
1078,105_200aug.jpg,200,train
1079,105_200aug1.jpg,200,train
1080,106_200aug.jpg,200,train
1081,106_200aug1.jpg,200,train
1082,107_200aug.jpg,200,train
1083,107_200aug1.jpg,200,train
1084,108_200aug.jpg,200,train
1085,108_200aug1.jpg,200,train
1086,109_200aug.jpg,200,train
1087,109_200aug1.jpg,200,train
1088,10_200aug.jpg,200,train
1089,10_200aug1.jpg,200,train
1090,11.jpg,200,train
1091,110_200aug.jpg,200,train
1092,110_200aug1.jpg,200,train
1093,111_200aug.jpg,200,train
1094,111_200aug1.jpg,200,train
1095,112_200aug.jpg,200,train
1096,112_200aug1.jpg,200,train
1097,113666710-woman-s-hands-holding-brand-new-indian-100-200-500-2000-rupees-banknotes-.jpg,200,train
1098,113_200aug.jpg,200,train
1099,113_200aug1.jpg,200,train
1100,114_200aug.jpg,200,train
1101,114_200aug1.jpg,200,train
1102,115_200aug.jpg,200,train
1103,115_200aug1.jpg,200,train
1104,11_200aug.jpg,200,train
1105,11_200aug1.jpg,200,train
1106,12.jpg,200,train
1107,121w.jpg,200,train
1108,12_200aug.jpg,200,train
1109,12_200aug1.jpg,200,train
1110,13.jpg,200,train
1111,13_200aug.jpg,200,train
1112,13_200aug1.jpg,200,train
1113,14-Dec-2018-Current-Affairs-3-.jpg,200,train
1114,14.jpg,200,train
1115,14_200aug.jpg,200,train
1116,14_200aug1.jpg,200,train
1117,15.jpg,200,train
1118,15_200aug.jpg,200,train
1119,15_200aug1.jpg,200,train
1120,16.jpg,200,train
1121,16_200aug.jpg,200,train
1122,16_200aug1.jpg,200,train
1123,17.jpg,200,train
1124,17_200aug.jpg,200,train
1125,17_200aug1.jpg,200,train
1126,18.jpg,200,train
1127,18_200aug.jpg,200,train
1128,18_200aug1.jpg,200,train
1129,19.jpg,200,train
1130,19_200aug.jpg,200,train
1131,19_200aug1.jpg,200,train
1132,1_200aug.jpg,200,train
1133,1_200aug1.jpg,200,train
1134,2.jpg,200,train
1135,20.jpg,200,train
1136,200-note-front.png,200,train
1137,200.jpg,200,train
1138,20_200aug.jpg,200,train
1139,20_200aug1.jpg,200,train
1140,21.jpg,200,train
1141,21_200aug.jpg,200,train
1142,21_200aug1.jpg,200,train
1143,22.jpg,200,train
1144,22_200aug.jpg,200,train
1145,22_200aug1.jpg,200,train
1146,23_200aug.jpg,200,train
1147,23_200aug1.jpg,200,train
1148,24.jpg,200,train
1149,24_200aug.jpg,200,train
1150,24_200aug1.jpg,200,train
1151,25_200aug.jpg,200,train
1152,25_200aug1.jpg,200,train
1153,26.jpg,200,train
1154,26_200aug.jpg,200,train
1155,26_200aug1.jpg,200,train
1156,27.jpg,200,train
1157,27_200aug.jpg,200,train
1158,27_200aug1.jpg,200,train
1159,28.jpg,200,train
1160,28_200aug.jpg,200,train
1161,28_200aug1.jpg,200,train
1162,29.jpg,200,train
1163,2_200aug.jpg,200,train
1164,2_200aug1.jpg,200,train
1165,3.jpg,200,train
1166,30.jpg,200,train
1167,30_200aug.jpg,200,train
1168,30_200aug1.jpg,200,train
1169,31.jpg,200,train
1170,31_200aug.jpg,200,train
1171,31_200aug1.jpg,200,train
1172,32.jpg,200,train
1173,32_200aug.jpg,200,train
1174,32_200aug1.jpg,200,train
1175,33.jpg,200,train
1176,33_200aug.jpg,200,train
1177,33_200aug1.jpg,200,train
1178,34.jpg,200,train
1179,344888971.jpg,200,train
1180,34_200aug.jpg,200,train
1181,34_200aug1.jpg,200,train
1182,35.jpg,200,train
1183,35_200aug.jpg,200,train
1184,35_200aug1.jpg,200,train
1185,36.jpg,200,train
1186,36_200aug.jpg,200,train
1187,36_200aug1.jpg,200,train
1188,37_200aug.jpg,200,train
1189,37_200aug1.jpg,200,train
1190,38_200aug.jpg,200,train
1191,38_200aug1.jpg,200,train
1192,39.jpg,200,train
1193,39_200aug.jpg,200,train
1194,39_200aug1.jpg,200,train
1195,3_200aug.jpg,200,train
1196,3_200aug1.jpg,200,train
1197,4.jpg,200,train
1198,40_200aug.jpg,200,train
1199,40_200aug1.jpg,200,train
1200,41.jpg,200,train
1201,41_200aug.jpg,200,train
1202,41_200aug1.jpg,200,train
1203,42.jpg,200,train
1204,42_200aug.jpg,200,train
1205,42_200aug1.jpg,200,train
1206,43.jpg,200,train
1207,43_200aug.jpg,200,train
1208,43_200aug1.jpg,200,train
1209,44_200aug.jpg,200,train
1210,44_200aug1.jpg,200,train
1211,45.jpg,200,train
1212,45_200aug.jpg,200,train
1213,45_200aug1.jpg,200,train
1214,46.jpg,200,train
1215,46_200aug.jpg,200,train
1216,46_200aug1.jpg,200,train
1217,47.jpg,200,train
1218,47_200aug.jpg,200,train
1219,47_200aug1.jpg,200,train
1220,48_200aug.jpg,200,train
1221,48_200aug1.jpg,200,train
1222,49.jpg,200,train
1223,49_200aug.jpg,200,train
1224,49_200aug1.jpg,200,train
1225,4_200aug.jpg,200,train
1226,4_200aug1.jpg,200,train
1227,5.jpg,200,train
1228,50.jpg,200,train
1229,50_200aug.jpg,200,train
1230,50_200aug1.jpg,200,train
1231,51.jpg,200,train
1232,51_200aug.jpg,200,train
1233,51_200aug1.jpg,200,train
1234,52_200aug.jpg,200,train
1235,52_200aug1.jpg,200,train
1236,53.jpg,200,train
1237,53_200aug.jpg,200,train
1238,53_200aug1.jpg,200,train
1239,54.jpg,200,train
1240,54_200aug.jpg,200,train
1241,54_200aug1.jpg,200,train
1242,55.jpg,200,train
1243,55_200aug.jpg,200,train
1244,55_200aug1.jpg,200,train
1245,56.jpg,200,train
1246,56_200aug.jpg,200,train
1247,56_200aug1.jpg,200,train
1248,57.jpg,200,train
1249,57_200aug.jpg,200,train
1250,57_200aug1.jpg,200,train
1251,58.jpg,200,train
1252,58_200aug.jpg,200,train
1253,58_200aug1.jpg,200,train
1254,59.jpg,200,train
1255,59_200aug.jpg,200,train
1256,59_200aug1.jpg,200,train
1257,5_200aug.jpg,200,train
1258,5_200aug1.jpg,200,train
1259,6.jpg,200,train
1260,60.jpg,200,train
1261,60_200aug.jpg,200,train
1262,60_200aug1.jpg,200,train
1263,61.jpg,200,train
1264,61111166.jpg,200,train
1265,61_200aug.jpg,200,train
1266,61_200aug1.jpg,200,train
1267,62.jpg,200,train
1268,62_200aug.jpg,200,train
1269,62_200aug1.jpg,200,train
1270,63.jpg,200,train
1271,63_200aug.jpg,200,train
1272,63_200aug1.jpg,200,train
1273,64.jpg,200,train
1274,64_200aug.jpg,200,train
1275,64_200aug1.jpg,200,train
1276,65.jpg,200,train
1277,65_200aug.jpg,200,train
1278,65_200aug1.jpg,200,train
1279,66.jpg,200,train
1280,66_200aug.jpg,200,train
1281,66_200aug1.jpg,200,train
1282,67.jpg,200,train
1283,67_200aug.jpg,200,train
1284,67_200aug1.jpg,200,train
1285,68_200aug.jpg,200,train
1286,68_200aug1.jpg,200,train
1287,69.jpg,200,train
1288,69_200aug.jpg,200,train
1289,69_200aug1.jpg,200,train
1290,6_200aug.jpg,200,train
1291,6_200aug1.jpg,200,train
1292,7.jpg,200,train
1293,70.jpg,200,train
1294,70846-rupee-pti1.jpeg,200,train
1295,70_200aug.jpg,200,train
1296,70_200aug1.jpg,200,train
1297,71.jpg,200,train
1298,71_200aug.jpg,200,train
1299,71_200aug1.jpg,200,train
1300,72.jpg,200,train
1301,72_200aug.jpg,200,train
1302,72_200aug1.jpg,200,train
1303,73.jpg,200,train
1304,73_200aug.jpg,200,train
1305,73_200aug1.jpg,200,train
1306,74.jpg,200,train
1307,74_200aug.jpg,200,train
1308,74_200aug1.jpg,200,train
1309,75.jpg,200,train
1310,75_200aug.jpg,200,train
1311,75_200aug1.jpg,200,train
1312,76_200aug.jpg,200,train
1313,76_200aug1.jpg,200,train
1314,77.jpg,200,train
1315,77_200aug.jpg,200,train
1316,77_200aug1.jpg,200,train
1317,78.jpg,200,train
1318,78_200aug.jpg,200,train
1319,78_200aug1.jpg,200,train
1320,79.jpg,200,train
1321,79_200aug.jpg,200,train
1322,79_200aug1.jpg,200,train
1323,7_200aug.jpg,200,train
1324,7_200aug1.jpg,200,train
1325,8.jpg,200,train
1326,80.jpg,200,train
1327,80_200aug.jpg,200,train
1328,80_200aug1.jpg,200,train
1329,81.jpg,200,train
1330,81_200aug.jpg,200,train
1331,81_200aug1.jpg,200,train
1332,82.jpg,200,train
1333,82_200aug.jpg,200,train
1334,82_200aug1.jpg,200,train
1335,83.jpg,200,train
1336,83_200aug.jpg,200,train
1337,83_200aug1.jpg,200,train
1338,84.jpg,200,train
1339,849513-67527-tdghjuvbem-1504518737.jpg,200,train
1340,84_200aug.jpg,200,train
1341,84_200aug1.jpg,200,train
1342,85.jpg,200,train
1343,85_200aug.jpg,200,train
1344,85_200aug1.jpg,200,train
1345,86.jpg,200,train
1346,86_200aug.jpg,200,train
1347,86_200aug1.jpg,200,train
1348,87.jpg,200,train
1349,87_200aug.jpg,200,train
1350,87_200aug1.jpg,200,train
1351,88.jpg,200,train
1352,88_200aug.jpg,200,train
1353,88_200aug1.jpg,200,train
1354,89.jpg,200,train
1355,89_200aug.jpg,200,train
1356,89_200aug1.jpg,200,train
1357,8_200aug.jpg,200,train
1358,8_200aug1.jpg,200,train
1359,9.jpg,200,train
1360,90.jpg,200,train
1361,90_200aug.jpg,200,train
1362,90_200aug1.jpg,200,train
1363,91.jpg,200,train
1364,91_200aug.jpg,200,train
1365,91_200aug1.jpg,200,train
1366,92.jpg,200,train
1367,92_200aug.jpg,200,train
1368,92_200aug1.jpg,200,train
1369,93.jpg,200,train
1370,93_200aug.jpg,200,train
1371,93_200aug1.jpg,200,train
1372,94.jpg,200,train
1373,94_200aug.jpg,200,train
1374,94_200aug1.jpg,200,train
1375,95_200aug.jpg,200,train
1376,95_200aug1.jpg,200,train
1377,96_200aug.jpg,200,train
1378,96_200aug1.jpg,200,train
1379,97_200aug.jpg,200,train
1380,97_200aug1.jpg,200,train
1381,98_200aug.jpg,200,train
1382,98_200aug1.jpg,200,train
1383,99_200aug.jpg,200,train
1384,99_200aug1.jpg,200,train
1385,9_200aug.jpg,200,train
1386,9_200aug1.jpg,200,train
1387,Currency2_20170825_600_855_630_630_630_630.jpg,200,train
1388,download (1).jpg,200,train
1389,download (2).jpg,200,train
1390,download (3).jpg,200,train
1391,download.jpg,200,train
1392,images (1).jpg,200,train
1393,images (10).jpg,200,train
1394,images (11).jpg,200,train
1395,images (12).jpg,200,train
1396,images (2).jpg,200,train
1397,images (3).jpg,200,train
1398,images (4).jpg,200,train
1399,images (5).jpg,200,train
1400,images (6).jpg,200,train
1401,images (7).jpg,200,train
1402,images (8).jpg,200,train
1403,images (9).jpg,200,train
1404,images.jpg,200,train
1405,istockphoto-915312200-1024x1024.jpg,200,train
1406,jpg.jpg,200,train
1407,maxresdefault.jpg,200,train
1408,okk4.jpg,200,train
1409,Rs-200-ANI.jpg,200,train
1410,0.jpg,2000,train
1411,0_2000aug.jpg,2000,train
1412,0_2000aug1.jpg,2000,train
1413,1-2000-note_money_rupee.jpg,2000,train
1414,1-267.jpg,2000,train
1415,1.jpg,2000,train
1416,10.jpg,2000,train
1417,100_2000aug.jpg,2000,train
1418,100_2000aug1.jpg,2000,train
1419,101_2000aug.jpg,2000,train
1420,101_2000aug1.jpg,2000,train
1421,102_2000aug.jpg,2000,train
1422,102_2000aug1.jpg,2000,train
1423,103_2000aug.jpg,2000,train
1424,103_2000aug1.jpg,2000,train
1425,104416-2000note-ians.jpg,2000,train
1426,104_2000aug.jpg,2000,train
1427,104_2000aug1.jpg,2000,train
1428,105_2000aug.jpg,2000,train
1429,105_2000aug1.jpg,2000,train
1430,106_2000aug.jpg,2000,train
1431,106_2000aug1.jpg,2000,train
1432,107_2000aug.jpg,2000,train
1433,107_2000aug1.jpg,2000,train
1434,108026048-hand-giving-indian-500-and-2000-rupee-bank-notes.jpg,2000,train
1435,108_2000aug.jpg,2000,train
1436,108_2000aug1.jpg,2000,train
1437,109_2000aug.jpg,2000,train
1438,109_2000aug1.jpg,2000,train
1439,10_2000aug.jpg,2000,train
1440,10_2000aug1.jpg,2000,train
1441,11.jpg,2000,train
1442,110_2000aug.jpg,2000,train
1443,110_2000aug1.jpg,2000,train
1444,111_2000aug.jpg,2000,train
1445,111_2000aug1.jpg,2000,train
1446,112_2000aug.jpg,2000,train
1447,112_2000aug1.jpg,2000,train
1448,113_2000aug.jpg,2000,train
1449,113_2000aug1.jpg,2000,train
1450,114_2000aug.jpg,2000,train
1451,114_2000aug1.jpg,2000,train
1452,11_2000aug.jpg,2000,train
1453,11_2000aug1.jpg,2000,train
1454,12.jpg,2000,train
1455,12_2000aug.jpg,2000,train
1456,12_2000aug1.jpg,2000,train
1457,13.jpg,2000,train
1458,13_2000aug.jpg,2000,train
1459,13_2000aug1.jpg,2000,train
1460,14.jpg,2000,train
1461,14_2000aug.jpg,2000,train
1462,14_2000aug1.jpg,2000,train
1463,15.jpg,2000,train
1464,15_2000aug1.jpg,2000,train
1465,16.jpg,2000,train
1466,16_2000aug.jpg,2000,train
1467,16_2000aug1.jpg,2000,train
1468,17.jpg,2000,train
1469,17_2000aug.jpg,2000,train
1470,17_2000aug1.jpg,2000,train
1471,18.jpg,2000,train
1472,18_2000aug.jpg,2000,train
1473,18_2000aug1.jpg,2000,train
1474,19.jpg,2000,train
1475,19lead1.jpg,2000,train
1476,19_2000aug.jpg,2000,train
1477,19_2000aug1.jpg,2000,train
1478,1x-1-13.jpg,2000,train
1479,1_2000aug.jpg,2000,train
1480,1_2000aug1.jpg,2000,train
1481,2.jpg,2000,train
1482,20.jpg,2000,train
1483,2000-note_5dc52679e4b92.JPG,2000,train
1484,20_2000aug.jpg,2000,train
1485,20_2000aug1.jpg,2000,train
1486,21.jpg,2000,train
1487,21_2000aug.jpg,2000,train
1488,21_2000aug1.jpg,2000,train
1489,22.jpg,2000,train
1490,22_2000aug.jpg,2000,train
1491,22_2000aug1.jpg,2000,train
1492,23.jpg,2000,train
1493,23_2000aug.jpg,2000,train
1494,23_2000aug1.jpg,2000,train
1495,24.jpg,2000,train
1496,24_2000aug.jpg,2000,train
1497,24_2000aug1.jpg,2000,train
1498,25.jpg,2000,train
1499,25_2000aug.jpg,2000,train
1500,25_2000aug1.jpg,2000,train
1501,26_2000aug.jpg,2000,train
1502,26_2000aug1.jpg,2000,train
1503,27_2000aug.jpg,2000,train
1504,27_2000aug1.jpg,2000,train
1505,28.jpg,2000,train
1506,28_2000aug.jpg,2000,train
1507,28_2000aug1.jpg,2000,train
1508,29_2000aug.jpg,2000,train
1509,29_2000aug1.jpg,2000,train
1510,2_2000aug.jpg,2000,train
1511,2_2000aug1.jpg,2000,train
1512,3.jpg,2000,train
1513,30.jpg,2000,train
1514,30_2000aug.jpg,2000,train
1515,30_2000aug1.jpg,2000,train
1516,31.jpg,2000,train
1517,31_2000aug.jpg,2000,train
1518,31_2000aug1.jpg,2000,train
1519,32.jpg,2000,train
1520,32_2000aug.jpg,2000,train
1521,32_2000aug1.jpg,2000,train
1522,33.jpg,2000,train
1523,33_2000aug.jpg,2000,train
1524,33_2000aug1.jpg,2000,train
1525,34.jpg,2000,train
1526,34_2000aug.jpg,2000,train
1527,34_2000aug1.jpg,2000,train
1528,35.jpg,2000,train
1529,35_2000aug.jpg,2000,train
1530,35_2000aug1.jpg,2000,train
1531,36.jpg,2000,train
1532,36_2000aug.jpg,2000,train
1533,36_2000aug1.jpg,2000,train
1534,37.jpg,2000,train
1535,37_2000aug.jpg,2000,train
1536,37_2000aug1.jpg,2000,train
1537,38.jpg,2000,train
1538,38_2000aug.jpg,2000,train
1539,38_2000aug1.jpg,2000,train
1540,39.jpg,2000,train
1541,39_2000aug.jpg,2000,train
1542,39_2000aug1.jpg,2000,train
1543,3_2000aug.jpg,2000,train
1544,3_2000aug1.jpg,2000,train
1545,4.jpg,2000,train
1546,40.jpg,2000,train
1547,40_2000aug.jpg,2000,train
1548,40_2000aug1.jpg,2000,train
1549,41.jpg,2000,train
1550,41_2000aug.jpg,2000,train
1551,41_2000aug1.jpg,2000,train
1552,42.jpg,2000,train
1553,42_2000aug.jpg,2000,train
1554,42_2000aug1.jpg,2000,train
1555,43.jpg,2000,train
1556,43_2000aug.jpg,2000,train
1557,43_2000aug1.jpg,2000,train
1558,44.jpg,2000,train
1559,44_2000aug.jpg,2000,train
1560,44_2000aug1.jpg,2000,train
1561,45.jpg,2000,train
1562,45_2000aug.jpg,2000,train
1563,45_2000aug1.jpg,2000,train
1564,46.jpg,2000,train
1565,46_2000aug.jpg,2000,train
1566,46_2000aug1.jpg,2000,train
1567,47.jpg,2000,train
1568,47_2000aug.jpg,2000,train
1569,47_2000aug1.jpg,2000,train
1570,48.jpg,2000,train
1571,48_2000aug.jpg,2000,train
1572,48_2000aug1.jpg,2000,train
1573,49_2000aug.jpg,2000,train
1574,49_2000aug1.jpg,2000,train
1575,4_2000aug.jpg,2000,train
1576,4_2000aug1.jpg,2000,train
1577,50.jpg,2000,train
1578,50_2000aug.jpg,2000,train
1579,50_2000aug1.jpg,2000,train
1580,51.jpg,2000,train
1581,51_2000aug.jpg,2000,train
1582,51_2000aug1.jpg,2000,train
1583,52.jpg,2000,train
1584,52_2000aug.jpg,2000,train
1585,52_2000aug1.jpg,2000,train
1586,53.jpg,2000,train
1587,53_2000aug.jpg,2000,train
1588,53_2000aug1.jpg,2000,train
1589,54_2000aug.jpg,2000,train
1590,54_2000aug1.jpg,2000,train
1591,55470248.jpg,2000,train
1592,55_2000aug.jpg,2000,train
1593,55_2000aug1.jpg,2000,train
1594,56.jpg,2000,train
1595,56_2000aug.jpg,2000,train
1596,56_2000aug1.jpg,2000,train
1597,57.jpg,2000,train
1598,57_2000aug.jpg,2000,train
1599,57_2000aug1.jpg,2000,train
1600,58.jpg,2000,train
1601,58_2000aug.jpg,2000,train
1602,58_2000aug1.jpg,2000,train
1603,59.jpg,2000,train
1604,59_2000aug.jpg,2000,train
1605,59_2000aug1.jpg,2000,train
1606,5_2000aug.jpg,2000,train
1607,5_2000aug1.jpg,2000,train
1608,6.jpg,2000,train
1609,60.jpg,2000,train
1610,60_2000aug.jpg,2000,train
1611,60_2000aug1.jpg,2000,train
1612,61.jpg,2000,train
1613,61_2000aug.jpg,2000,train
1614,61_2000aug1.jpg,2000,train
1615,62.jpg,2000,train
1616,62_2000aug.jpg,2000,train
1617,62_2000aug1.jpg,2000,train
1618,63.jpg,2000,train
1619,63_2000aug.jpg,2000,train
1620,63_2000aug1.jpg,2000,train
1621,64.jpg,2000,train
1622,64_2000aug.jpg,2000,train
1623,64_2000aug1.jpg,2000,train
1624,65.jpg,2000,train
1625,65_2000aug.jpg,2000,train
1626,65_2000aug1.jpg,2000,train
1627,66.jpg,2000,train
1628,66_2000aug.jpg,2000,train
1629,66_2000aug1.jpg,2000,train
1630,67.jpg,2000,train
1631,67_2000aug.jpg,2000,train
1632,67_2000aug1.jpg,2000,train
1633,68_2000aug.jpg,2000,train
1634,68_2000aug1.jpg,2000,train
1635,69_2000aug.jpg,2000,train
1636,69_2000aug1.jpg,2000,train
1637,6_2000aug.jpg,2000,train
1638,6_2000aug1.jpg,2000,train
1639,70_2000aug.jpg,2000,train
1640,70_2000aug1.jpg,2000,train
1641,71_2000aug.jpg,2000,train
1642,71_2000aug1.jpg,2000,train
1643,72_2000aug.jpg,2000,train
1644,72_2000aug1.jpg,2000,train
1645,73_2000aug.jpg,2000,train
1646,73_2000aug1.jpg,2000,train
1647,74_2000aug.jpg,2000,train
1648,74_2000aug1.jpg,2000,train
1649,75.jpg,2000,train
1650,75_2000aug.jpg,2000,train
1651,75_2000aug1.jpg,2000,train
1652,76.jpg,2000,train
1653,76_2000aug.jpg,2000,train
1654,76_2000aug1.jpg,2000,train
1655,77.jpg,2000,train
1656,77_2000aug.jpg,2000,train
1657,77_2000aug1.jpg,2000,train
1658,78.jpg,2000,train
1659,78_2000aug.jpg,2000,train
1660,78_2000aug1.jpg,2000,train
1661,79.jpg,2000,train
1662,79_2000aug.jpg,2000,train
1663,79_2000aug1.jpg,2000,train
1664,7_2000aug.jpg,2000,train
1665,7_2000aug1.jpg,2000,train
1666,8.jpg,2000,train
1667,80.jpg,2000,train
1668,80_2000aug.jpg,2000,train
1669,80_2000aug1.jpg,2000,train
1670,81.jpg,2000,train
1671,81_2000aug.jpg,2000,train
1672,81_2000aug1.jpg,2000,train
1673,82.jpg,2000,train
1674,821350-45238-tnowixkqao-1478880646.jpg,2000,train
1675,826658-45654-owhuiqipmj-1484314424.JPG,2000,train
1676,82_2000aug.jpg,2000,train
1677,82_2000aug1.jpg,2000,train
1678,83.jpg,2000,train
1679,83_2000aug.jpg,2000,train
1680,83_2000aug1.jpg,2000,train
1681,84.jpg,2000,train
1682,84_2000aug.jpg,2000,train
1683,84_2000aug1.jpg,2000,train
1684,85.jpg,2000,train
1685,85_2000aug.jpg,2000,train
1686,85_2000aug1.jpg,2000,train
1687,86_2000aug1.jpg,2000,train
1688,87.jpg,2000,train
1689,87_2000aug.jpg,2000,train
1690,87_2000aug1.jpg,2000,train
1691,88.jpg,2000,train
1692,88_2000aug.jpg,2000,train
1693,88_2000aug1.jpg,2000,train
1694,89.jpg,2000,train
1695,89_2000aug.jpg,2000,train
1696,89_2000aug1.jpg,2000,train
1697,8_2000aug.jpg,2000,train
1698,8_2000aug1.jpg,2000,train
1699,9.jpg,2000,train
1700,90.jpg,2000,train
1701,90_2000aug.jpg,2000,train
1702,90_2000aug1.jpg,2000,train
1703,91.jpg,2000,train
1704,91_2000aug.jpg,2000,train
1705,91_2000aug1.jpg,2000,train
1706,92.jpg,2000,train
1707,92_2000aug.jpg,2000,train
1708,92_2000aug1.jpg,2000,train
1709,93.jpg,2000,train
1710,93_2000aug.jpg,2000,train
1711,93_2000aug1.jpg,2000,train
1712,94.jpg,2000,train
1713,94_2000aug.jpg,2000,train
1714,94_2000aug1.jpg,2000,train
1715,95182-rs2000-ians.jpg,2000,train
1716,95_2000aug.jpg,2000,train
1717,95_2000aug1.jpg,2000,train
1718,96.jpg,2000,train
1719,96_2000aug.jpg,2000,train
1720,96_2000aug1.jpg,2000,train
1721,97.jpg,2000,train
1722,97_2000aug.jpg,2000,train
1723,97_2000aug1.jpg,2000,train
1724,98.jpg,2000,train
1725,98_2000aug.jpg,2000,train
1726,98_2000aug1.jpg,2000,train
1727,99.jpg,2000,train
1728,99_2000aug.jpg,2000,train
1729,99_2000aug1.jpg,2000,train
1730,9_2000aug.jpg,2000,train
1731,9_2000aug1.jpg,2000,train
1732,businessman-hand-giving-money-indian-rupee-currency-his-partner_8087-2254.jpg,2000,train
1733,Cash-Counting-1.jpg,2000,train
1734,fake-notes-of-new-rs-2000-and-rs-500-worth-rs-26-10-lakh-seized-in-rajkot.jpg,2000,train
1735,images (1).jpg,2000,train
1736,images (2).jpg,2000,train
1737,images (3).jpg,2000,train
1738,images (4).jpg,2000,train
1739,images (5).jpg,2000,train
1740,images (6).jpg,2000,train
1741,images.jpg,2000,train
1742,india-currency-demonetisation.jpg,2000,train
1743,jpg.jpg,2000,train
1744,llo.jpg,2000,train
1745,media-handler.jpg,2000,train
1746,money_505_092717052703.jpg,2000,train
1747,new-2000-note_480_twitter.jpg,2000,train
1748,original.jpg,2000,train
1749,rupee-falls.jpg,2000,train
1750,rupee-think-1200.jpg,2000,train
1751,s2.jpg,2000,train
1752,unnamed.png,2000,train
1753,0.jpg,50,train
1754,0_50aug.jpg,50,train
1755,0_50aug1.jpg,50,train
1756,1.jpg,50,train
1757,10.jpg,50,train
1758,100-4-scaled.jpg,50,train
1759,100-Notes-NON-SERIAL-Packet-SDL253127254-2-bb444.jpg,50,train
1760,100_50aug.jpg,50,train
1761,100_50aug1.jpg,50,train
1762,101_50aug.jpg,50,train
1763,101_50aug1.jpg,50,train
1764,102_50aug.jpg,50,train
1765,102_50aug1.jpg,50,train
1766,103_50aug.jpg,50,train
1767,103_50aug1.jpg,50,train
1768,104_50aug.jpg,50,train
1769,104_50aug1.jpg,50,train
1770,105_50aug.jpg,50,train
1771,105_50aug1.jpg,50,train
1772,106_50aug.jpg,50,train
1773,106_50aug1.jpg,50,train
1774,107_50aug.jpg,50,train
1775,107_50aug1.jpg,50,train
1776,108_50aug.jpg,50,train
1777,108_50aug1.jpg,50,train
1778,109_50aug.jpg,50,train
1779,109_50aug1.jpg,50,train
1780,10_50aug.jpg,50,train
1781,10_50aug1.jpg,50,train
1782,11.jpg,50,train
1783,11_50aug.jpg,50,train
1784,11_50aug1.jpg,50,train
1785,12_50aug.jpg,50,train
1786,12_50aug1.jpg,50,train
1787,13.jpg,50,train
1788,13_50aug.jpg,50,train
1789,13_50aug1.jpg,50,train
1790,14.jpg,50,train
1791,14_50aug.jpg,50,train
1792,14_50aug1.jpg,50,train
1793,15.jpg,50,train
1794,15_50aug.jpg,50,train
1795,15_50aug1.jpg,50,train
1796,16.jpg,50,train
1797,16_50aug.jpg,50,train
1798,16_50aug1.jpg,50,train
1799,17-4.jpg,50,train
1800,17.jpg,50,train
1801,17_50aug.jpg,50,train
1802,17_50aug1.jpg,50,train
1803,18.jpg,50,train
1804,18_50aug.jpg,50,train
1805,18_50aug1.jpg,50,train
1806,19.jpg,50,train
1807,19_50aug.jpg,50,train
1808,19_50aug1.jpg,50,train
1809,1_50aug.jpg,50,train
1810,1_50aug1.jpg,50,train
1811,2-10.jpg,50,train
1812,2.jpg,50,train
1813,20-7-scaled.jpg,50,train
1814,20_50aug.jpg,50,train
1815,20_50aug1.jpg,50,train
1816,21.jpg,50,train
1817,21_50aug.jpg,50,train
1818,21_50aug1.jpg,50,train
1819,22.jpg,50,train
1820,22_50aug.jpg,50,train
1821,22_50aug1.jpg,50,train
1822,23_50aug.jpg,50,train
1823,23_50aug1.jpg,50,train
1824,24.jpg,50,train
1825,24_50aug.jpg,50,train
1826,24_50aug1.jpg,50,train
1827,25.jpg,50,train
1828,25_50aug.jpg,50,train
1829,25_50aug1.jpg,50,train
1830,26.jpg,50,train
1831,26_50aug.jpg,50,train
1832,26_50aug1.jpg,50,train
1833,27.jpg,50,train
1834,27_50aug.jpg,50,train
1835,27_50aug1.jpg,50,train
1836,28.jpg,50,train
1837,28_50aug.jpg,50,train
1838,28_50aug1.jpg,50,train
1839,29.jpg,50,train
1840,29_50aug.jpg,50,train
1841,29_50aug1.jpg,50,train
1842,2_50aug.jpg,50,train
1843,2_50aug1.jpg,50,train
1844,3.jpg,50,train
1845,30.jpg,50,train
1846,30_50aug.jpg,50,train
1847,30_50aug1.jpg,50,train
1848,31.jpg,50,train
1849,31_50aug.jpg,50,train
1850,31_50aug1.jpg,50,train
1851,32.jpg,50,train
1852,32_50aug.jpg,50,train
1853,32_50aug1.jpg,50,train
1854,33.jpg,50,train
1855,33_50aug.jpg,50,train
1856,33_50aug1.jpg,50,train
1857,34.jpg,50,train
1858,34_50aug.jpg,50,train
1859,34_50aug1.jpg,50,train
1860,35.jpg,50,train
1861,35_50aug.jpg,50,train
1862,35_50aug1.jpg,50,train
1863,36.jpg,50,train
1864,36_50aug.jpg,50,train
1865,36_50aug1.jpg,50,train
1866,37.jpg,50,train
1867,37_50aug.jpg,50,train
1868,37_50aug1.jpg,50,train
1869,38.jpg,50,train
1870,38_50aug.jpg,50,train
1871,38_50aug1.jpg,50,train
1872,39.jpg,50,train
1873,39_50aug.jpg,50,train
1874,39_50aug1.jpg,50,train
1875,3_50aug.jpg,50,train
1876,3_50aug1.jpg,50,train
1877,4.jpg,50,train
1878,40.jpg,50,train
1879,40_50aug.jpg,50,train
1880,40_50aug1.jpg,50,train
1881,41.jpg,50,train
1882,41_50aug.jpg,50,train
1883,41_50aug1.jpg,50,train
1884,42.jpg,50,train
1885,42_50aug.jpg,50,train
1886,42_50aug1.jpg,50,train
1887,43.jpg,50,train
1888,43_50aug.jpg,50,train
1889,43_50aug1.jpg,50,train
1890,44.jpg,50,train
1891,44_50aug.jpg,50,train
1892,44_50aug1.jpg,50,train
1893,45.jpg,50,train
1894,45_50aug.jpg,50,train
1895,45_50aug1.jpg,50,train
1896,46.jpg,50,train
1897,46_50aug.jpg,50,train
1898,46_50aug1.jpg,50,train
1899,47.jpg,50,train
1900,47_50aug.jpg,50,train
1901,47_50aug1.jpg,50,train
1902,48.jpg,50,train
1903,48_50aug.jpg,50,train
1904,48_50aug1.jpg,50,train
1905,49.jpg,50,train
1906,49_50aug.jpg,50,train
1907,49_50aug1.jpg,50,train
1908,4_50aug.jpg,50,train
1909,4_50aug1.jpg,50,train
1910,50-indian-rupees-banknote-three-lions-1.jpg,50,train
1911,50-RUPEE-NOTE-WITH-786-SDL872254763-1-1e2fc.jpg,50,train
1912,50.jpg,50,train
1913,50note.jpg,50,train
1914,50_50aug.jpg,50,train
1915,50_50aug1.jpg,50,train
1916,51.jpg,50,train
1917,51_50aug.jpg,50,train
1918,51_50aug1.jpg,50,train
1919,52.jpg,50,train
1920,52_50aug.jpg,50,train
1921,52_50aug1.jpg,50,train
1922,53.jpg,50,train
1923,53_50aug.jpg,50,train
1924,53_50aug1.jpg,50,train
1925,54.jpg,50,train
1926,54_50aug.jpg,50,train
1927,55_50aug.jpg,50,train
1928,55_50aug1.jpg,50,train
1929,56.jpg,50,train
1930,56_50aug.jpg,50,train
1931,56_50aug1.jpg,50,train
1932,57.jpg,50,train
1933,57_50aug.jpg,50,train
1934,57_50aug1.jpg,50,train
1935,58_50aug.jpg,50,train
1936,58_50aug1.jpg,50,train
1937,59.jpg,50,train
1938,59_50aug.jpg,50,train
1939,59_50aug1.jpg,50,train
1940,5_50aug.jpg,50,train
1941,5_50aug1.jpg,50,train
1942,6.jpg,50,train
1943,60.jpg,50,train
1944,60_50aug.jpg,50,train
1945,60_50aug1.jpg,50,train
1946,61.jpg,50,train
1947,61_50aug.jpg,50,train
1948,61_50aug1.jpg,50,train
1949,62.jpg,50,train
1950,62_50aug.jpg,50,train
1951,62_50aug1.jpg,50,train
1952,63.jpg,50,train
1953,63_50aug.jpg,50,train
1954,63_50aug1.jpg,50,train
1955,64.jpg,50,train
1956,64_50aug.jpg,50,train
1957,64_50aug1.jpg,50,train
1958,65.jpg,50,train
1959,65_50aug.jpg,50,train
1960,65_50aug1.jpg,50,train
1961,66.jpg,50,train
1962,66_50aug.jpg,50,train
1963,66_50aug1.jpg,50,train
1964,67_50aug.jpg,50,train
1965,67_50aug1.jpg,50,train
1966,68.jpg,50,train
1967,68919126.jpg,50,train
1968,68_50aug.jpg,50,train
1969,68_50aug1.jpg,50,train
1970,69.jpg,50,train
1971,69_50aug.jpg,50,train
1972,69_50aug1.jpg,50,train
1973,6_50aug.jpg,50,train
1974,6_50aug1.jpg,50,train
1975,7.jpg,50,train
1976,70.jpg,50,train
1977,70_50aug.jpg,50,train
1978,70_50aug1.jpg,50,train
1979,71.jpg,50,train
1980,71_50aug.jpg,50,train
1981,71_50aug1.jpg,50,train
1982,72_50aug.jpg,50,train
1983,72_50aug1.jpg,50,train
1984,73.jpg,50,train
1985,73_50aug.jpg,50,train
1986,73_50aug1.jpg,50,train
1987,74.jpg,50,train
1988,74_50aug.jpg,50,train
1989,74_50aug1.jpg,50,train
1990,757622-622126-50-note.jpg,50,train
1991,75_50aug.jpg,50,train
1992,75_50aug1.jpg,50,train
1993,76.jpg,50,train
1994,76_50aug.jpg,50,train
1995,76_50aug1.jpg,50,train
1996,77.jpg,50,train
1997,77_50aug.jpg,50,train
1998,77_50aug1.jpg,50,train
1999,78.jpg,50,train
2000,78_50aug.jpg,50,train
2001,78_50aug1.jpg,50,train
2002,79.jpg,50,train
2003,79_50aug.jpg,50,train
2004,79_50aug1.jpg,50,train
2005,7_50aug.jpg,50,train
2006,7_50aug1.jpg,50,train
2007,8.jpg,50,train
2008,80_50aug.jpg,50,train
2009,80_50aug1.jpg,50,train
2010,81.jpg,50,train
2011,81_50aug.jpg,50,train
2012,81_50aug1.jpg,50,train
2013,82.jpg,50,train
2014,82_50aug.jpg,50,train
2015,82_50aug1.jpg,50,train
2016,83.jpg,50,train
2017,83_50aug.jpg,50,train
2018,83_50aug1.jpg,50,train
2019,84.jpg,50,train
2020,84_50aug.jpg,50,train
2021,84_50aug1.jpg,50,train
2022,85.jpg,50,train
2023,85_50aug.jpg,50,train
2024,85_50aug1.jpg,50,train
2025,86_50aug.jpg,50,train
2026,86_50aug1.jpg,50,train
2027,87.jpg,50,train
2028,87_50aug.jpg,50,train
2029,87_50aug1.jpg,50,train
2030,88.jpg,50,train
2031,88_50aug.jpg,50,train
2032,88_50aug1.jpg,50,train
2033,89.jpg,50,train
2034,89_50aug.jpg,50,train
2035,89_50aug1.jpg,50,train
2036,8_50aug.jpg,50,train
2037,8_50aug1.jpg,50,train
2038,9.jpg,50,train
2039,90_50aug.jpg,50,train
2040,90_50aug1.jpg,50,train
2041,91_50aug.jpg,50,train
2042,91_50aug1.jpg,50,train
2043,92_50aug.jpg,50,train
2044,92_50aug1.jpg,50,train
2045,93_50aug.jpg,50,train
2046,93_50aug1.jpg,50,train
2047,94_50aug.jpg,50,train
2048,94_50aug1.jpg,50,train
2049,95_50aug.jpg,50,train
2050,95_50aug1.jpg,50,train
2051,96_50aug.jpg,50,train
2052,96_50aug1.jpg,50,train
2053,97_50aug.jpg,50,train
2054,97_50aug1.jpg,50,train
2055,98_50aug.jpg,50,train
2056,98_50aug1.jpg,50,train
2057,993153295-78rs50note5.jpg,50,train
2058,99_50aug.jpg,50,train
2059,99_50aug1.jpg,50,train
2060,9_50aug.jpg,50,train
2061,9_50aug1.jpg,50,train
2062,BNIS0049.jpg,50,train
2063,c1fa67ca68035e5098307b5a7f17b7fc.jpg,50,train
2064,download (1).jpg,50,train
2065,download.jpg,50,train
2066,images (1).jpg,50,train
2067,images (2).jpg,50,train
2068,images (3).jpg,50,train
2069,images (4).jpg,50,train
2070,images.jpg,50,train
2071,india-50-rupees-bank-notes-serial_1_95a4b7af02fff0e1a91ad072877f8ad8.jpg,50,train
2072,"India_new_50_INR,_MG_series,_2018,_obverse.jpg",50,train
2073,kbyg3tlf28tz.jpg,50,train
2074,llok.jpg,50,train
2075,new-indian-currency-rupees-note-as-background-128036287.jpg,50,train
2076,rs-50-1.jpg,50,train
2077,Rs-50-new-note-picture.jpg,50,train
2078,Rs-50-notes.jpg,50,train
2079,s-l300.jpg,50,train
2080,stock-photo-the-brand-new-indian-currency-bank-notes-of-and-rupees-bundle-success-and-got-765678787.jpg,50,train
2081,VisualsStock_AK13095.jpg,50,train
2082,0.jpg,500,train
2083,0_500aug.jpg,500,train
2084,0_500aug1.jpg,500,train
2085,1 (1).jpg,500,train
2086,1.jpg,500,train
2087,10 (1).jpg,500,train
2088,10.jpg,500,train
2089,100_500aug.jpg,500,train
2090,100_500aug1.jpg,500,train
2091,101.jpg,500,train
2092,101_500aug.jpg,500,train
2093,101_500aug1.jpg,500,train
2094,102.jpg,500,train
2095,102_500aug.jpg,500,train
2096,102_500aug1.jpg,500,train
2097,103_500aug.jpg,500,train
2098,103_500aug1.jpg,500,train
2099,104_500aug.jpg,500,train
2100,104_500aug1.jpg,500,train
2101,105110445-indian-currency-rupee-500-bank-notes-bundle-on-white-background.jpg,500,train
2102,105_500aug.jpg,500,train
2103,105_500aug1.jpg,500,train
2104,106_500aug.jpg,500,train
2105,106_500aug1.jpg,500,train
2106,107_500aug1.jpg,500,train
2107,108_500aug.jpg,500,train
2108,108_500aug1.jpg,500,train
2109,109_500aug.jpg,500,train
2110,109_500aug1.jpg,500,train
2111,10_500aug.jpg,500,train
2112,10_500aug1.jpg,500,train
2113,11.jpg,500,train
2114,110_500aug.jpg,500,train
2115,110_500aug1.jpg,500,train
2116,111_500aug.jpg,500,train
2117,111_500aug1.jpg,500,train
2118,112_500aug.jpg,500,train
2119,112_500aug1.jpg,500,train
2120,113666837-woman-s-hands-holding-brand-new-indian-500-rupees-banknotes-.jpg,500,train
2121,113_500aug.jpg,500,train
2122,113_500aug1.jpg,500,train
2123,114_500aug.jpg,500,train
2124,114_500aug1.jpg,500,train
2125,115_500aug.jpg,500,train
2126,115_500aug1.jpg,500,train
2127,116_500aug.jpg,500,train
2128,116_500aug1.jpg,500,train
2129,11_500aug.jpg,500,train
2130,11_500aug1.jpg,500,train
2131,12.jpg,500,train
2132,122231.jpg,500,train
2133,12_500aug.jpg,500,train
2134,12_500aug1.jpg,500,train
2135,13.jpg,500,train
2136,13_500aug.jpg,500,train
2137,13_500aug1.jpg,500,train
2138,14.jpg,500,train
2139,148988598-a-man-considers-indian-500-rupees-on-mumbai-street-hands-close-up-.jpg,500,train
2140,14_500aug.jpg,500,train
2141,14_500aug1.jpg,500,train
2142,1502485281-3506.jpg,500,train
2143,15_500aug.jpg,500,train
2144,15_500aug1.jpg,500,train
2145,16_500aug.jpg,500,train
2146,16_500aug1.jpg,500,train
2147,17_500aug.jpg,500,train
2148,17_500aug1.jpg,500,train
2149,18_500aug.jpg,500,train
2150,18_500aug1.jpg,500,train
2151,19_500aug.jpg,500,train
2152,19_500aug1.jpg,500,train
2153,1_500aug.jpg,500,train
2154,1_500aug1.jpg,500,train
2155,20_500aug.jpg,500,train
2156,20_500aug1.jpg,500,train
2157,21_500aug.jpg,500,train
2158,21_500aug1.jpg,500,train
2159,22_500aug.jpg,500,train
2160,22_500aug1.jpg,500,train
2161,23_500aug.jpg,500,train
2162,23_500aug1.jpg,500,train
2163,24.jpg,500,train
2164,24_500aug.jpg,500,train
2165,24_500aug1.jpg,500,train
2166,25.jpg,500,train
2167,25_500aug.jpg,500,train
2168,25_500aug1.jpg,500,train
2169,26_500aug.jpg,500,train
2170,26_500aug1.jpg,500,train
2171,27.jpg,500,train
2172,27_500aug.jpg,500,train
2173,27_500aug1.jpg,500,train
2174,28.jpg,500,train
2175,28_500aug.jpg,500,train
2176,28_500aug1.jpg,500,train
2177,29.jpg,500,train
2178,29_500aug.jpg,500,train
2179,29_500aug1.jpg,500,train
2180,2_500aug.jpg,500,train
2181,2_500aug1.jpg,500,train
2182,3.jpg,500,train
2183,30_500aug.jpg,500,train
2184,30_500aug1.jpg,500,train
2185,31.jpg,500,train
2186,31_500aug.jpg,500,train
2187,31_500aug1.jpg,500,train
2188,32.jpg,500,train
2189,32_500aug.jpg,500,train
2190,32_500aug1.jpg,500,train
2191,33.jpg,500,train
2192,33_500aug.jpg,500,train
2193,33_500aug1.jpg,500,train
2194,34.jpg,500,train
2195,34_500aug.jpg,500,train
2196,34_500aug1.jpg,500,train
2197,35.jpg,500,train
2198,35_500aug.jpg,500,train
2199,35_500aug1.jpg,500,train
2200,36.jpg,500,train
2201,36_500aug.jpg,500,train
2202,36_500aug1.jpg,500,train
2203,37.jpg,500,train
2204,37_500aug.jpg,500,train
2205,37_500aug1.jpg,500,train
2206,38.jpg,500,train
2207,38_500aug.jpg,500,train
2208,38_500aug1.jpg,500,train
2209,39.jpg,500,train
2210,39_500aug.jpg,500,train
2211,39_500aug1.jpg,500,train
2212,3_500aug.jpg,500,train
2213,3_500aug1.jpg,500,train
2214,4.jpg,500,train
2215,40.jpg,500,train
2216,40_500aug.jpg,500,train
2217,40_500aug1.jpg,500,train
2218,41.jpg,500,train
2219,41_500aug.jpg,500,train
2220,41_500aug1.jpg,500,train
2221,42.jpg,500,train
2222,42_500aug.jpg,500,train
2223,42_500aug1.jpg,500,train
2224,43.jpg,500,train
2225,43_500aug.jpg,500,train
2226,43_500aug1.jpg,500,train
2227,44.jpg,500,train
2228,44_500aug.jpg,500,train
2229,44_500aug1.jpg,500,train
2230,45.jpg,500,train
2231,45_500aug.jpg,500,train
2232,45_500aug1.jpg,500,train
2233,46.jpg,500,train
2234,46_500aug.jpg,500,train
2235,46_500aug1.jpg,500,train
2236,47.jpg,500,train
2237,47_500aug.jpg,500,train
2238,47_500aug1.jpg,500,train
2239,48.jpg,500,train
2240,48_500aug.jpg,500,train
2241,48_500aug1.jpg,500,train
2242,49.jpg,500,train
2243,49_500aug.jpg,500,train
2244,49_500aug1.jpg,500,train
2245,4_500aug.jpg,500,train
2246,4_500aug1.jpg,500,train
2247,500-story_647_111316080510_061317015653_0.jpg,500,train
2248,500notesbig.jpg,500,train
2249,500_F_241806083_dpcbdrKGbGnELzRKCkfxbG5VM1ZCwDxP.jpg,500,train
2250,50_500aug.jpg,500,train
2251,50_500aug1.jpg,500,train
2252,51.jpg,500,train
2253,51_500aug.jpg,500,train
2254,51_500aug1.jpg,500,train
2255,52.jpg,500,train
2256,52_500aug.jpg,500,train
2257,52_500aug1.jpg,500,train
2258,53.jpg,500,train
2259,53_500aug.jpg,500,train
2260,53_500aug1.jpg,500,train
2261,54.jpg,500,train
2262,54_500aug.jpg,500,train
2263,54_500aug1.jpg,500,train
2264,55.jpg,500,train
2265,55_500aug.jpg,500,train
2266,55_500aug1.jpg,500,train
2267,56.jpg,500,train
2268,56_500aug.jpg,500,train
2269,56_500aug1.jpg,500,train
2270,57.jpg,500,train
2271,57_500aug.jpg,500,train
2272,57_500aug1.jpg,500,train
2273,58.jpg,500,train
2274,58_500aug.jpg,500,train
2275,58_500aug1.jpg,500,train
2276,59.jpg,500,train
2277,59_500aug.jpg,500,train
2278,59_500aug1.jpg,500,train
2279,5_500aug.jpg,500,train
2280,6.jpg,500,train
2281,60.jpg,500,train
2282,60_500aug.jpg,500,train
2283,60_500aug1.jpg,500,train
2284,61.jpg,500,train
2285,61_500aug.jpg,500,train
2286,61_500aug1.jpg,500,train
2287,62.jpg,500,train
2288,62_500aug.jpg,500,train
2289,62_500aug1.jpg,500,train
2290,63.jpg,500,train
2291,63_500aug.jpg,500,train
2292,63_500aug1.jpg,500,train
2293,64.jpg,500,train
2294,64_500aug.jpg,500,train
2295,64_500aug1.jpg,500,train
2296,65.jpg,500,train
2297,65_500aug.jpg,500,train
2298,65_500aug1.jpg,500,train
2299,66_500aug.jpg,500,train
2300,66_500aug1.jpg,500,train
2301,67.jpg,500,train
2302,67_500aug.jpg,500,train
2303,67_500aug1.jpg,500,train
2304,68_500aug.jpg,500,train
2305,68_500aug1.jpg,500,train
2306,69.jpg,500,train
2307,69_500aug.jpg,500,train
2308,69_500aug1.jpg,500,train
2309,6_500aug.jpg,500,train
2310,6_500aug1.jpg,500,train
2311,7.jpg,500,train
2312,70.jpg,500,train
2313,70_500aug.jpg,500,train
2314,70_500aug1.jpg,500,train
2315,71.jpg,500,train
2316,71_500aug.jpg,500,train
2317,71_500aug1.jpg,500,train
2318,72.jpg,500,train
2319,72_500aug.jpg,500,train
2320,72_500aug1.jpg,500,train
2321,73.jpg,500,train
2322,73_500aug.jpg,500,train
2323,73_500aug1.jpg,500,train
2324,74.jpg,500,train
2325,74_500aug.jpg,500,train
2326,74_500aug1.jpg,500,train
2327,75.jpg,500,train
2328,75_500aug.jpg,500,train
2329,75_500aug1.jpg,500,train
2330,76.jpg,500,train
2331,76_500aug.jpg,500,train
2332,76_500aug1.jpg,500,train
2333,77.jpg,500,train
2334,77_500aug.jpg,500,train
2335,77_500aug1.jpg,500,train
2336,78.jpg,500,train
2337,78_500aug.jpg,500,train
2338,78_500aug1.jpg,500,train
2339,79.jpg,500,train
2340,79_500aug.jpg,500,train
2341,79_500aug1.jpg,500,train
2342,7_500aug.jpg,500,train
2343,7_500aug1.jpg,500,train
2344,8.jpg,500,train
2345,80.jpg,500,train
2346,80_500aug.jpg,500,train
2347,80_500aug1.jpg,500,train
2348,81.jpg,500,train
2349,81_500aug.jpg,500,train
2350,81_500aug1.jpg,500,train
2351,82.jpg,500,train
2352,82_500aug.jpg,500,train
2353,82_500aug1.jpg,500,train
2354,83.jpg,500,train
2355,83_500aug.jpg,500,train
2356,83_500aug1.jpg,500,train
2357,84.jpg,500,train
2358,84_500aug.jpg,500,train
2359,84_500aug1.jpg,500,train
2360,85.jpg,500,train
2361,85_500aug.jpg,500,train
2362,85_500aug1.jpg,500,train
2363,86_500aug.jpg,500,train
2364,86_500aug1.jpg,500,train
2365,87_500aug.jpg,500,train
2366,87_500aug1.jpg,500,train
2367,88.jpg,500,train
2368,88_500aug.jpg,500,train
2369,88_500aug1.jpg,500,train
2370,89.jpg,500,train
2371,89_500aug.jpg,500,train
2372,89_500aug1.jpg,500,train
2373,8_500aug.jpg,500,train
2374,8_500aug1.jpg,500,train
2375,90.jpg,500,train
2376,90_500aug.jpg,500,train
2377,90_500aug1.jpg,500,train
2378,91.jpg,500,train
2379,91_500aug.jpg,500,train
2380,91_500aug1.jpg,500,train
2381,92.jpg,500,train
2382,92_500aug.jpg,500,train
2383,92_500aug1.jpg,500,train
2384,93.jpg,500,train
2385,93_500aug.jpg,500,train
2386,93_500aug1.jpg,500,train
2387,94.jpg,500,train
2388,94_500aug.jpg,500,train
2389,94_500aug1.jpg,500,train
2390,95.jpg,500,train
2391,95_500aug.jpg,500,train
2392,95_500aug1.jpg,500,train
2393,96.jpg,500,train
2394,96_500aug.jpg,500,train
2395,96_500aug1.jpg,500,train
2396,97.jpg,500,train
2397,97_500aug1.jpg,500,train
2398,98.jpg,500,train
2399,98_500aug.jpg,500,train
2400,98_500aug1.jpg,500,train
2401,99.jpg,500,train
2402,9910a2494cce5cbcbe5d0d5310f2b7f3.jpg,500,train
2403,99_500aug.jpg,500,train
2404,99_500aug1.jpg,500,train
2405,9_500aug.jpg,500,train
2406,9_500aug1.jpg,500,train
2407,bf52654.jpg,500,train
2408,bunch-indian-rupees-bundle-five-hundred-note-held-hand-isolated-white-background-99586818.jpg,500,train
2409,depositphotos_231700274-stock-photo-woman-hands-holding-brand-new.jpg,500,train
2410,download.jpg,500,train
2411,e6f0e55a206e8e3414bb84b03349c944.jpg,500,train
2412,fa2a28f88b262d37093206294dc6abb6.jpg,500,train
2413,gettyimages-183544740-612x612.jpg,500,train
2414,gettyimages-625464950-612x612.jpg,500,train
2415,hand-holding-500-rupee-notes-260nw-617976848.webp,500,train
2416,images (1).jpg,500,train
2417,images (2).jpg,500,train
2418,images (3).jpg,500,train
2419,images (4).jpg,500,train
2420,images (5).jpg,500,train
2421,images.jpg,500,train
2422,indian-currency-note-rupees-192505525.jpg,500,train
2423,indian-currency-rs-note-s-financial-work-indian-currency-rs-note-106727655.jpg,500,train
2424,indian-currency-rupee-bank-note-bundle-hand-grey-background-122055158.jpg,500,train
2425,indian-currency-rupee-notes-isolated-white-background-83351347.jpg,500,train
2426,indian-rupee-notes-man-holding-rupees-his-hand-125495914.jpg,500,train
2427,new-indian-currency-of-500-rupee-notes-background-P79Y5N.jpg,500,train
2428,rs-500-pti-4-620x413.jpg,500,train
2429,s-l400.jpg,500,train
2430,0_no_currency.jpg,no_currency,train
2431,100_no_currency.jpg,no_currency,train
2432,101_no_currency.jpg,no_currency,train
2433,102_no_currency.jpg,no_currency,train
2434,103_no_currency.jpg,no_currency,train
2435,104_no_currency.jpg,no_currency,train
2436,105_no_currency.jpg,no_currency,train
2437,106_no_currency.jpg,no_currency,train
2438,107_no_currency.jpg,no_currency,train
2439,108_no_currency.jpg,no_currency,train
2440,109_no_currency.jpg,no_currency,train
2441,10_no_currency.jpg,no_currency,train
2442,110_no_currency.jpg,no_currency,train
2443,111_no_currency.jpg,no_currency,train
2444,112_no_currency.jpg,no_currency,train
2445,113_no_currency.jpg,no_currency,train
2446,114_no_currency.jpg,no_currency,train
2447,115_no_currency.jpg,no_currency,train
2448,116_no_currency.jpg,no_currency,train
2449,117_no_currency.jpg,no_currency,train
2450,118_no_currency.jpg,no_currency,train
2451,119_no_currency.jpg,no_currency,train
2452,11_no_currency.jpg,no_currency,train
2453,120_no_currency.jpg,no_currency,train
2454,121_no_currency.jpg,no_currency,train
2455,122_no_currency.jpg,no_currency,train
2456,123_no_currency.jpg,no_currency,train
2457,124_no_currency.jpg,no_currency,train
2458,125_no_currency.jpg,no_currency,train
2459,126_no_currency.jpg,no_currency,train
2460,127_no_currency.jpg,no_currency,train
2461,128_no_currency.jpg,no_currency,train
2462,129_no_currency.jpg,no_currency,train
2463,12_no_currency.jpg,no_currency,train
2464,130_no_currency.jpg,no_currency,train
2465,131_no_currency.jpg,no_currency,train
2466,132_no_currency.jpg,no_currency,train
2467,133_no_currency.jpg,no_currency,train
2468,134_no_currency.jpg,no_currency,train
2469,135_no_currency.jpg,no_currency,train
2470,136_no_currency.jpg,no_currency,train
2471,137_no_currency.jpg,no_currency,train
2472,138_no_currency.jpg,no_currency,train
2473,139_no_currency.jpg,no_currency,train
2474,13_no_currency.jpg,no_currency,train
2475,140_no_currency.jpg,no_currency,train
2476,141_no_currency.jpg,no_currency,train
2477,142_no_currency.jpg,no_currency,train
2478,143_no_currency.jpg,no_currency,train
2479,144_no_currency.jpg,no_currency,train
2480,145_no_currency.jpg,no_currency,train
2481,146_no_currency.jpg,no_currency,train
2482,147_no_currency.jpg,no_currency,train
2483,148_no_currency.jpg,no_currency,train
2484,149_no_currency.jpg,no_currency,train
2485,14_no_currency.jpg,no_currency,train
2486,150_no_currency.jpg,no_currency,train
2487,151_no_currency.jpg,no_currency,train
2488,152_no_currency.jpg,no_currency,train
2489,153_no_currency.jpg,no_currency,train
2490,154_no_currency.jpg,no_currency,train
2491,155_no_currency.jpg,no_currency,train
2492,156_no_currency.jpg,no_currency,train
2493,157_no_currency.jpg,no_currency,train
2494,158_no_currency.jpg,no_currency,train
2495,159_no_currency.jpg,no_currency,train
2496,15_no_currency.jpg,no_currency,train
2497,160_no_currency.jpg,no_currency,train
2498,161_no_currency.jpg,no_currency,train
2499,162_no_currency.jpg,no_currency,train
2500,163_no_currency.jpg,no_currency,train
2501,164_no_currency.jpg,no_currency,train
2502,165_no_currency.jpg,no_currency,train
2503,166_no_currency.jpg,no_currency,train
2504,167_no_currency.jpg,no_currency,train
2505,168_no_currency.jpg,no_currency,train
2506,169_no_currency.jpg,no_currency,train
2507,16_no_currency.jpg,no_currency,train
2508,170_no_currency.jpg,no_currency,train
2509,171_no_currency.jpg,no_currency,train
2510,172_no_currency.jpg,no_currency,train
2511,173_no_currency.jpg,no_currency,train
2512,174_no_currency.jpg,no_currency,train
2513,175_no_currency.jpg,no_currency,train
2514,176_no_currency.jpg,no_currency,train
2515,177_no_currency.jpg,no_currency,train
2516,178_no_currency.jpg,no_currency,train
2517,179_no_currency.jpg,no_currency,train
2518,17_no_currency.jpg,no_currency,train
2519,180_no_currency.jpg,no_currency,train
2520,181_no_currency.jpg,no_currency,train
2521,182_no_currency.jpg,no_currency,train
2522,183_no_currency.jpg,no_currency,train
2523,184_no_currency.jpg,no_currency,train
2524,185_no_currency.jpg,no_currency,train
2525,186_no_currency.jpg,no_currency,train
2526,187_no_currency.jpg,no_currency,train
2527,188_no_currency.jpg,no_currency,train
2528,189_no_currency.jpg,no_currency,train
2529,18_no_currency.jpg,no_currency,train
2530,190_no_currency.jpg,no_currency,train
2531,191_no_currency.jpg,no_currency,train
2532,192_no_currency.jpg,no_currency,train
2533,193_no_currency.jpg,no_currency,train
2534,194_no_currency.jpg,no_currency,train
2535,195_no_currency.jpg,no_currency,train
2536,196_no_currency.jpg,no_currency,train
2537,197_no_currency.jpg,no_currency,train
2538,198_no_currency.jpg,no_currency,train
2539,199_no_currency.jpg,no_currency,train
2540,19_no_currency.jpg,no_currency,train
2541,1_no_currency.jpg,no_currency,train
2542,200_no_currency.jpg,no_currency,train
2543,201_no_currency.jpg,no_currency,train
2544,202_no_currency.jpg,no_currency,train
2545,203_no_currency.jpg,no_currency,train
2546,204_no_currency.jpg,no_currency,train
2547,205_no_currency.jpg,no_currency,train
2548,206_no_currency.jpg,no_currency,train
2549,207_no_currency.jpg,no_currency,train
2550,208_no_currency.jpg,no_currency,train
2551,209_no_currency.jpg,no_currency,train
2552,20_no_currency.jpg,no_currency,train
2553,210_no_currency.jpg,no_currency,train
2554,211_no_currency.jpg,no_currency,train
2555,212_no_currency.jpg,no_currency,train
2556,213_no_currency.jpg,no_currency,train
2557,214_no_currency.jpg,no_currency,train
2558,215_no_currency.jpg,no_currency,train
2559,216_no_currency.jpg,no_currency,train
2560,217_no_currency.jpg,no_currency,train
2561,218_no_currency.jpg,no_currency,train
2562,219_no_currency.jpg,no_currency,train
2563,21_no_currency.jpg,no_currency,train
2564,220_no_currency.jpg,no_currency,train
2565,221_no_currency.jpg,no_currency,train
2566,222_no_currency.jpg,no_currency,train
2567,223_no_currency.jpg,no_currency,train
2568,224_no_currency.jpg,no_currency,train
2569,225_no_currency.jpg,no_currency,train
2570,226_no_currency.jpg,no_currency,train
2571,227_no_currency.jpg,no_currency,train
2572,228_no_currency.jpg,no_currency,train
2573,229_no_currency.jpg,no_currency,train
2574,22_no_currency.jpg,no_currency,train
2575,230_no_currency.jpg,no_currency,train
2576,231_no_currency.jpg,no_currency,train
2577,232_no_currency.jpg,no_currency,train
2578,233_no_currency.jpg,no_currency,train
2579,234_no_currency.jpg,no_currency,train
2580,235_no_currency.jpg,no_currency,train
2581,236_no_currency.jpg,no_currency,train
2582,237_no_currency.jpg,no_currency,train
2583,238_no_currency.jpg,no_currency,train
2584,239_no_currency.jpg,no_currency,train
2585,23_no_currency.jpg,no_currency,train
2586,240_no_currency.jpg,no_currency,train
2587,241_no_currency.jpg,no_currency,train
2588,242_no_currency.jpg,no_currency,train
2589,243_no_currency.jpg,no_currency,train
2590,244_no_currency.jpg,no_currency,train
2591,245_no_currency.jpg,no_currency,train
2592,246_no_currency.jpg,no_currency,train
2593,247_no_currency.jpg,no_currency,train
2594,248_no_currency.jpg,no_currency,train
2595,24_no_currency.jpg,no_currency,train
2596,25_no_currency.jpg,no_currency,train
2597,26_no_currency.jpg,no_currency,train
2598,27_no_currency.jpg,no_currency,train
2599,28_no_currency.jpg,no_currency,train
2600,29_no_currency.jpg,no_currency,train
2601,2_no_currency.jpg,no_currency,train
2602,30_no_currency.jpg,no_currency,train
2603,31_no_currency.jpg,no_currency,train
2604,32_no_currency.jpg,no_currency,train
2605,33_no_currency.jpg,no_currency,train
2606,34_no_currency.jpg,no_currency,train
2607,35_no_currency.jpg,no_currency,train
2608,36_no_currency.jpg,no_currency,train
2609,37_no_currency.jpg,no_currency,train
2610,38_no_currency.jpg,no_currency,train
2611,39_no_currency.jpg,no_currency,train
2612,3_no_currency.jpg,no_currency,train
2613,40_no_currency.jpg,no_currency,train
2614,41_no_currency.jpg,no_currency,train
2615,42_no_currency.jpg,no_currency,train
2616,43_no_currency.jpg,no_currency,train
2617,44_no_currency.jpg,no_currency,train
2618,45_no_currency.jpg,no_currency,train
2619,46_no_currency.jpg,no_currency,train
2620,47_no_currency.jpg,no_currency,train
2621,48_no_currency.jpg,no_currency,train
2622,49_no_currency.jpg,no_currency,train
2623,4_no_currency.jpg,no_currency,train
2624,50_no_currency.jpg,no_currency,train
2625,51_no_currency.jpg,no_currency,train
2626,52_no_currency.jpg,no_currency,train
2627,53_no_currency.jpg,no_currency,train
2628,54_no_currency.jpg,no_currency,train
2629,55_no_currency.jpg,no_currency,train
2630,56_no_currency.jpg,no_currency,train
2631,57_no_currency.jpg,no_currency,train
2632,58_no_currency.jpg,no_currency,train
2633,59_no_currency.jpg,no_currency,train
2634,5_no_currency.jpg,no_currency,train
2635,60_no_currency.jpg,no_currency,train
2636,61_no_currency.jpg,no_currency,train
2637,62_no_currency.jpg,no_currency,train
2638,63_no_currency.jpg,no_currency,train
2639,64_no_currency.jpg,no_currency,train
2640,65_no_currency.jpg,no_currency,train
2641,66_no_currency.jpg,no_currency,train
2642,67_no_currency.jpg,no_currency,train
2643,68_no_currency.jpg,no_currency,train
2644,69_no_currency.jpg,no_currency,train
2645,6_no_currency.jpg,no_currency,train
2646,70_no_currency.jpg,no_currency,train
2647,71_no_currency.jpg,no_currency,train
2648,72_no_currency.jpg,no_currency,train
2649,73_no_currency.jpg,no_currency,train
2650,74_no_currency.jpg,no_currency,train
2651,75_no_currency.jpg,no_currency,train
2652,76_no_currency.jpg,no_currency,train
2653,77_no_currency.jpg,no_currency,train
2654,78_no_currency.jpg,no_currency,train
2655,79_no_currency.jpg,no_currency,train
2656,7_no_currency.jpg,no_currency,train
2657,80_no_currency.jpg,no_currency,train
2658,81_no_currency.jpg,no_currency,train
2659,82_no_currency.jpg,no_currency,train
2660,83_no_currency.jpg,no_currency,train
2661,84_no_currency.jpg,no_currency,train
2662,85_no_currency.jpg,no_currency,train
2663,86_no_currency.jpg,no_currency,train
2664,87_no_currency.jpg,no_currency,train
2665,88_no_currency.jpg,no_currency,train
2666,89_no_currency.jpg,no_currency,train
2667,8_no_currency.jpg,no_currency,train
2668,90_no_currency.jpg,no_currency,train
2669,91_no_currency.jpg,no_currency,train
2670,92_no_currency.jpg,no_currency,train
2671,93_no_currency.jpg,no_currency,train
2672,94_no_currency.jpg,no_currency,train
2673,95_no_currency.jpg,no_currency,train
2674,96_no_currency.jpg,no_currency,train
2675,97_no_currency.jpg,no_currency,train
2676,98_no_currency.jpg,no_currency,train
2677,99_no_currency.jpg,no_currency,train
2678,9_no_currency.jpg,no_currency,train
2679,36.jpg,10,validation
2680,37.jpg,10,validation
2681,38.jpg,10,validation
2682,39.jpg,10,validation
2683,40.jpg,10,validation
2684,41.jpg,10,validation
2685,42.jpg,10,validation
2686,43.jpg,10,validation
2687,44.jpg,10,validation
2688,45.jpg,10,validation
2689,46.jpg,10,validation
2690,47.jpg,10,validation
2691,48.jpg,10,validation
2692,49.jpg,10,validation
2693,50.jpg,10,validation
2694,51.jpg,10,validation
2695,52.jpg,10,validation
2696,53.jpg,10,validation
2697,54.jpg,10,validation
2698,55.jpg,10,validation
2699,56.jpg,10,validation
2700,57.jpg,10,validation
2701,60.jpg,10,validation
2702,38.jpg,100,validation
2703,39.jpg,100,validation
2704,40.jpg,100,validation
2705,41.jpg,100,validation
2706,42.jpg,100,validation
2707,43.jpg,100,validation
2708,44.jpg,100,validation
2709,45.jpg,100,validation
2710,46.jpg,100,validation
2711,47.jpg,100,validation
2712,48.jpg,100,validation
2713,49.jpg,100,validation
2714,50.jpg,100,validation
2715,51.jpg,100,validation
2716,52.jpg,100,validation
2717,53.jpg,100,validation
2718,54.jpg,100,validation
2719,55.jpg,100,validation
2720,56.jpg,100,validation
2721,57.jpg,100,validation
2722,58.jpg,100,validation
2723,59.jpg,100,validation
2724,60.jpg,100,validation
2725,61.jpg,100,validation
2726,36.jpg,20,validation
2727,37.jpg,20,validation
2728,38.jpg,20,validation
2729,39.jpg,20,validation
2730,40.jpg,20,validation
2731,41.jpg,20,validation
2732,42.jpg,20,validation
2733,43.jpg,20,validation
2734,44.jpg,20,validation
2735,45.jpg,20,validation
2736,46.jpg,20,validation
2737,47.jpg,20,validation
2738,48.jpg,20,validation
2739,49.jpg,20,validation
2740,50.jpg,20,validation
2741,51.jpg,20,validation
2742,52.jpg,20,validation
2743,53.jpg,20,validation
2744,54.jpg,20,validation
2745,55.jpg,20,validation
2746,56.jpg,20,validation
2747,57.jpg,20,validation
2748,58.jpg,20,validation
2749,59.jpg,20,validation
2750,24.jpg,200,validation
2751,25.jpg,200,validation
2752,26.jpg,200,validation
2753,27.jpg,200,validation
2754,28.jpg,200,validation
2755,29.jpg,200,validation
2756,30.jpg,200,validation
2757,31.jpg,200,validation
2758,32.jpg,200,validation
2759,33.jpg,200,validation
2760,34.jpg,200,validation
2761,35.jpg,200,validation
2762,36.jpg,200,validation
2763,37.jpg,200,validation
2764,38.jpg,200,validation
2765,39.jpg,200,validation
2766,40.jpg,200,validation
2767,41.jpg,200,validation
2768,42.jpg,200,validation
2769,43.jpg,200,validation
2770,44.jpg,200,validation
2771,45.jpg,200,validation
2772,46.jpg,200,validation
2773,47.jpg,200,validation
2774,12.jpg,2000,validation
2775,13.jpg,2000,validation
2776,14.jpg,2000,validation
2777,15.jpg,2000,validation
2778,16.jpg,2000,validation
2779,17.jpg,2000,validation
2780,18.jpg,2000,validation
2781,19.jpg,2000,validation
2782,20.jpg,2000,validation
2783,21.jpg,2000,validation
2784,22.jpg,2000,validation
2785,23.jpg,2000,validation
2786,24.jpg,2000,validation
2787,25.jpg,2000,validation
2788,26.jpg,2000,validation
2789,27.jpg,2000,validation
2790,28.jpg,2000,validation
2791,29.jpg,2000,validation
2792,30.jpg,2000,validation
2793,31.jpg,2000,validation
2794,32.jpg,2000,validation
2795,33.jpg,2000,validation
2796,34.jpg,2000,validation
2797,35.jpg,2000,validation
2798,0.jpg,50,validation
2799,1.jpg,50,validation
2800,10.jpg,50,validation
2801,11.jpg,50,validation
2802,12.jpg,50,validation
2803,13.jpg,50,validation
2804,14.jpg,50,validation
2805,15.jpg,50,validation
2806,16.jpg,50,validation
2807,17.jpg,50,validation
2808,18.jpg,50,validation
2809,19.jpg,50,validation
2810,2.jpg,50,validation
2811,20.jpg,50,validation
2812,21.jpg,50,validation
2813,22.jpg,50,validation
2814,23.jpg,50,validation
2815,3.jpg,50,validation
2816,4.jpg,50,validation
2817,5.jpg,50,validation
2818,6.jpg,50,validation
2819,7.jpg,50,validation
2820,8.jpg,50,validation
2821,9.jpg,50,validation
2822,24.jpg,500,validation
2823,25.jpg,500,validation
2824,26.jpg,500,validation
2825,27.jpg,500,validation
2826,28.jpg,500,validation
2827,29.jpg,500,validation
2828,30.jpg,500,validation
2829,31.jpg,500,validation
2830,32.jpg,500,validation
2831,33.jpg,500,validation
2832,34.jpg,500,validation
2833,35.jpg,500,validation
2834,36.jpg,500,validation
2835,37.jpg,500,validation
2836,38.jpg,500,validation
2837,39.jpg,500,validation
2838,40.jpg,500,validation
2839,41.jpg,500,validation
2840,42.jpg,500,validation
2841,43.jpg,500,validation
2842,44.jpg,500,validation
2843,45.jpg,500,validation
2844,46.jpg,500,validation
2845,47.jpg,500,validation
2846,0_no_currency.jpg,no_currency,validation
2847,10_no_currency.jpg,no_currency,validation
2848,11_no_currency.jpg,no_currency,validation
2849,12_no_currency.jpg,no_currency,validation
2850,13_no_currency.jpg,no_currency,validation
2851,14_no_currency.jpg,no_currency,validation
2852,15_no_currency.jpg,no_currency,validation
2853,16_no_currency.jpg,no_currency,validation
2854,17_no_currency.jpg,no_currency,validation
2855,18_no_currency.jpg,no_currency,validation
2856,19_no_currency.jpg,no_currency,validation
2857,1_no_currency.jpg,no_currency,validation
2858,20_no_currency.jpg,no_currency,validation
2859,21_no_currency.jpg,no_currency,validation
2860,22_no_currency.jpg,no_currency,validation
2861,23_no_currency.jpg,no_currency,validation
2862,24_no_currency.jpg,no_currency,validation
2863,25_no_currency.jpg,no_currency,validation
2864,26_no_currency.jpg,no_currency,validation
2865,27_no_currency.jpg,no_currency,validation
2866,28_no_currency.jpg,no_currency,validation
2867,29_no_currency.jpg,no_currency,validation
2868,2_no_currency.jpg,no_currency,validation
2869,30_no_currency.jpg,no_currency,validation
2870,31_no_currency.jpg,no_currency,validation
2871,32_no_currency.jpg,no_currency,validation
2872,33_no_currency.jpg,no_currency,validation
2873,34_no_currency.jpg,no_currency,validation
2874,35_no_currency.jpg,no_currency,validation
2875,36_no_currency.jpg,no_currency,validation
2876,37_no_currency.jpg,no_currency,validation
2877,38_no_currency.jpg,no_currency,validation
2878,39_no_currency.jpg,no_currency,validation
2879,3_no_currency.jpg,no_currency,validation
2880,4_no_currency.jpg,no_currency,validation
2881,5_no_currency.jpg,no_currency,validation
2882,6_no_currency.jpg,no_currency,validation
2883,7_no_currency.jpg,no_currency,validation
2884,8_no_currency.jpg,no_currency,validation
2885,9_no_currency.jpg,no_currency,validation
